$scope module I2CMaster $end
$var wire 1 ! scl $end
$var wire 1 " sda $end
$var wire 30 # bus_adr $end
$var wire 32 $ bus_dat_w $end
$var wire 32 % bus_dat_r $end
$var wire 1 & bus_cyc $end
$var wire 1 ' bus_stb $end
$var wire 1 ( bus_ack $end
$var wire 1 ) bus_we $end
$var wire 1 * i2c_scl_o $end
$var wire 1 + i2c_sda_o $end
$var wire 1 , i2c_sda_i $end
$var wire 20 - i2c_load $end
$var wire 1 . i2c_clk2x $end
$var wire 20 / i2c_cnt $end
$var wire 1 0 i2c_cg_ce $end
$var wire 1 1 i2c_idle $end
$var wire 1 2 i2c_start $end
$var wire 1 3 i2c_stop $end
$var wire 1 4 i2c_write $end
$var wire 1 5 i2c_read $end
$var wire 1 6 i2c_ack $end
$var wire 8 7 i2c_data $end
$var wire 4 8 i2c_bits $end
$var wire 1 9 i2c_fsm_ce $end
$var wire 1 : i2c_run $end
$var wire 1 ; i2c_fsm_is_ongoing $end
$var wire 1 < scl_t_o $end
$var wire 1 = scl_t_oe $end
$var wire 1 > scl_t_i $end
$var wire 1 ? sda_t_o $end
$var wire 1 @ sda_t_oe $end
$var wire 1 A sda_t_i $end
$var wire 1 B scl_i_n $end
$var wire 1 C sda_oe_n $end
$var wire 1 D irq $end
$var wire 1 E idle_status $end
$var wire 1 F idle_pending $end
$var wire 1 G idle_trigger $end
$var wire 1 H idle_clear $end
$var wire 1 I idle_trigger_d $end
$var wire 1 J eventmanager_idle0 $end
$var wire 1 K eventmanager_idle1 $end
$var wire 1 L eventmanager_status $end
$var wire 1 M eventmanager_wr_stb $end
$var wire 1 N eventmanager_wr_data $end
$var wire 1 O eventmanager_storage $end
$var wire 72 P state $end
$var wire 96 Q next_state $end
$var wire 4 R i2c_bits_next_value0 $end
$var wire 1 S i2c_bits_next_value_ce0 $end
$var wire 1 T i2c_sda_o_next_value1 $end
$var wire 1 U i2c_sda_o_next_value_ce1 $end
$var wire 1 V i2c_scl_o_next_value2 $end
$var wire 1 W i2c_scl_o_next_value_ce2 $end
$var wire 7 X next_value0 $end
$var wire 1 Y next_value_ce0 $end
$var wire 1 Z i2c_ack_next_value3 $end
$var wire 1 [ i2c_ack_next_value_ce3 $end
$var wire 1 \ next_value1 $end
$var wire 1 ] next_value_ce1 $end
$var wire 1 ^ i_mock0 $end
$var wire 1 _ i_mock1 $end
$var wire 1 ` async_clk $end
$var wire 1 a sys_clk $end
$var wire 4 b bus_sel $end
$enddefinitions $end
$dumpvars
$end
#0
0!
0"
b000000000000000000000000000000 #
b00000000000000000000000000000000 $
b00000000000000000000000000000000 %
0&
0'
0(
0)
1*
1+
0,
b00000000000000000000 -
0.
b00000000000000000000 /
00
01
02
03
04
05
06
b00000000 7
b0000 8
09
0:
0;
0<
0=
0>
0?
0@
0A
0B
0C
0D
0E
0F
0G
0H
0I
0J
0K
0L
0M
0N
0O
b01001001010001000100110001000101 P
b001100000011101001001001010001000100110001000101 Q
b0000 R
0S
0T
0U
0V
0W
b0000000 X
0Y
0Z
0[
0\
0]
1^
1_
0`
0a
1>
1A
1!
1"
1E
1G
1J
1,
1.
11
19
1;
#2
1`
#5
1K
1a
1B
b000000000000000000000000000001 #
b00000000000000000000000000000100 $
b00000000000000000010000000000000 %
b1111 b
1&
1F
1'
1)
1I
#7
0`
#10
0a
#12
1`
#15
1a
b00000000000000000000000000000000 %
1(
b00000000000000000100 -
#17
0`
#20
0a
#22
1`
#25
0)
1a
b00000000000000000000000000000100 %
0(
#27
0`
#30
0a
#32
1`
#35
1a
1(
#37
0`
#40
0a
#42
1`
#45
b000000000000000000000000000000 #
b00000000000000000000100000000000 $
1a
0(
1)
#47
0`
#50
0a
#52
1`
#55
b00000000000000000010000000000000 %
10
01
0E
12
1(
0G
1:
0J
1a
b0011000100111010010100110101010001000001010100100101010000110000 Q
#57
0`
#60
0a
#62
1`
#65
b00000000000000000100 /
b00000000000000000000000000000000 %
0&
02
0'
0(
09
0:
0I
1U
0;
1a
b010100110101010001000001010100100101010000110000 P
b001100000011101001001001010001000100110001000101 Q
0.
#67
0`
#70
0a
#72
1`
#75
b00000000000000000011 /
1a
#77
0`
#80
0a
#82
1`
#85
b00000000000000000010 /
1a
#87
0`
#90
0a
#92
1`
#95
b00000000000000000001 /
1a
#97
0`
#100
0a
#102
1`
#105
b00000000000000000000 /
1a
19
1.
#107
0`
#110
0a
#112
1`
#115
b00000000000000000100 /
00
11
1E
1@
0,
09
1G
0U
1;
1J
0+
1a
b01001001010001000100110001000101 P
0A
0.
0"
#117
0`
#120
0a
#122
1`
#125
1C
1I
b00000000000000000010000000000000 %
1&
1a
1'
0)
#127
0`
#130
0a
#132
1`
#135
1a
1(
#137
0`
#140
0a
#142
1`
#145
1a
b00000000000000000000010010000010 $
0(
1)
#147
0`
#150
0a
#152
1`
#155
b1000 R
1S
10
01
0E
1(
0G
14
1:
b10000010 7
0J
1a
19
b0011011100111010010101110101001001001001010101000100010100110000 Q
#157
0`
#160
0a
#162
1`
#165
b00000000000000000011 /
04
b1000 8
1a
b010101110101001001001001010101000100010100110000 P
09
b0011100000111010010101110101001001001001010101000100010100110001 Q
b0000 R
0S
b00000000000000000000000010000010 %
0&
0'
0(
1T
0:
0I
1U
0;
1W
#167
0`
#170
0a
#172
1`
#175
b00000000000000000010 /
1a
#177
0`
#180
0a
#182
1`
#185
b00000000000000000001 /
1a
#187
0`
#190
0a
#192
1`
#195
b00000000000000000000 /
1a
19
1.
#197
0`
#200
0a
#202
1`
#205
b00000000000000000100 /
b0111 R
1S
1V
09
0T
1=
0U
b0000010 X
0>
1Y
0!
0*
1+
1a
b010101110101001001001001010101000100010100110001 P
b0011011100111010010101110101001001001001010101000100010100110000 Q
0.
#207
0`
#210
0a
#212
1`
#215
b00000000000000000011 /
1a
0@
1A
1,
0B
1"
#217
0`
#220
0a
#222
1`
#225
0C
1a
b00000000000000000010 /
#227
0`
#230
0a
#232
1`
#235
b00000000000000000001 /
1a
#237
0`
#240
0a
#242
1`
#245
b00000000000000000000 /
1a
19
1.
#247
0`
#250
0a
#252
1`
#255
b00000000000000000100 /
b0000 R
0S
0V
09
0=
1U
b0000000 X
1>
b00000100 7
0Y
1*
1!
b0111 8
1a
b010101110101001001001001010101000100010100110000 P
b0011100000111010010101110101001001001001010101000100010100110001 Q
0.
#257
0`
#260
0a
#262
1`
#265
b00000000000000000011 /
1a
b00000000000000000000000000000100 %
1B
#267
0`
#270
0a
#272
1`
#275
b00000000000000000010 /
1a
#277
0`
#280
0a
#282
1`
#285
b00000000000000000001 /
1a
#287
0`
#290
0a
#292
1`
#295
b00000000000000000000 /
1a
19
1.
#297
0`
#300
0a
#302
1`
#305
b00000000000000000100 /
b0110 R
1S
1V
09
1=
0U
b0000100 X
0>
1Y
0!
0*
0+
1a
b010101110101001001001001010101000100010100110001 P
b0011011100111010010101110101001001001001010101000100010100110000 Q
0.
#307
0`
#310
0a
#312
1`
#315
b00000000000000000011 /
1a
1@
0A
0,
0B
0"
#317
0`
#320
0a
#322
1`
#325
1C
1a
b00000000000000000010 /
#327
0`
#330
0a
#332
1`
#335
b00000000000000000001 /
1a
#337
0`
#340
0a
#342
1`
#345
b00000000000000000000 /
1a
19
1.
#347
0`
#350
0a
#352
1`
#355
b00000000000000000100 /
b0000 R
0S
0V
09
0=
1U
b0000000 X
1>
b00001000 7
0Y
1*
1!
b0110 8
1a
b010101110101001001001001010101000100010100110000 P
b0011100000111010010101110101001001001001010101000100010100110001 Q
0.
#357
0`
#360
0a
#362
1`
#365
b00000000000000000011 /
1a
b00000000000000000000000000001000 %
1B
#367
0`
#370
0a
#372
1`
#375
b00000000000000000010 /
1a
#377
0`
#380
0a
#382
1`
#385
b00000000000000000001 /
1a
#387
0`
#390
0a
#392
1`
#395
b00000000000000000000 /
1a
19
1.
#397
0`
#400
0a
#402
1`
#405
b00000000000000000100 /
b0101 R
1S
09
1=
0U
b0001000 X
0>
1Y
0!
0*
1V
1a
b010101110101001001001001010101000100010100110001 P
b0011011100111010010101110101001001001001010101000100010100110000 Q
0.
#407
0`
#410
0a
#412
1`
#415
b00000000000000000011 /
1a
0B
#417
0`
#420
0a
#422
1`
#425
b00000000000000000010 /
1a
#427
0`
#430
0a
#432
1`
#435
b00000000000000000001 /
1a
#437
0`
#440
0a
#442
1`
#445
b00000000000000000000 /
1a
19
1.
#447
0`
#450
0a
#452
1`
#455
b00000000000000000100 /
b0000 R
0S
0V
09
0=
1U
b0000000 X
1>
b00010000 7
0Y
1*
1!
b0101 8
1a
b010101110101001001001001010101000100010100110000 P
b0011100000111010010101110101001001001001010101000100010100110001 Q
0.
#457
0`
#460
0a
#462
1`
#465
b00000000000000000011 /
1a
b00000000000000000000000000010000 %
1B
#467
0`
#470
0a
#472
1`
#475
b00000000000000000010 /
1a
#477
0`
#480
0a
#482
1`
#485
b00000000000000000001 /
1a
#487
0`
#490
0a
#492
1`
#495
b00000000000000000000 /
1a
19
1.
#497
0`
#500
0a
#502
1`
#505
b00000000000000000100 /
b0100 R
1S
09
1=
0U
b0010000 X
0>
1Y
0!
0*
1V
1a
b010101110101001001001001010101000100010100110001 P
b0011011100111010010101110101001001001001010101000100010100110000 Q
0.
#507
0`
#510
0a
#512
1`
#515
b00000000000000000011 /
1a
0B
#517
0`
#520
0a
#522
1`
#525
b00000000000000000010 /
1a
#527
0`
#530
0a
#532
1`
#535
b00000000000000000001 /
1a
#537
0`
#540
0a
#542
1`
#545
b00000000000000000000 /
1a
19
1.
#547
0`
#550
0a
#552
1`
#555
b00000000000000000100 /
b0000 R
0S
0V
09
0=
1U
b0000000 X
1>
b00100000 7
0Y
1*
1!
b0100 8
1a
b010101110101001001001001010101000100010100110000 P
b0011100000111010010101110101001001001001010101000100010100110001 Q
0.
#557
0`
#560
0a
#562
1`
#565
b00000000000000000011 /
1a
b00000000000000000000000000100000 %
1B
#567
0`
#570
0a
#572
1`
#575
b00000000000000000010 /
1a
#577
0`
#580
0a
#582
1`
#585
b00000000000000000001 /
1a
#587
0`
#590
0a
#592
1`
#595
b00000000000000000000 /
1a
19
1.
#597
0`
#600
0a
#602
1`
#605
b00000000000000000100 /
b0011 R
1S
09
1=
0U
b0100000 X
0>
1Y
0!
0*
1V
1a
b010101110101001001001001010101000100010100110001 P
b0011011100111010010101110101001001001001010101000100010100110000 Q
0.
#607
0`
#610
0a
#612
1`
#615
b00000000000000000011 /
1a
0B
#617
0`
#620
0a
#622
1`
#625
b00000000000000000010 /
1a
#627
0`
#630
0a
#632
1`
#635
b00000000000000000001 /
1a
#637
0`
#640
0a
#642
1`
#645
b00000000000000000000 /
1a
19
1.
#647
0`
#650
0a
#652
1`
#655
b00000000000000000100 /
b0000 R
0S
0V
09
0=
1U
b0000000 X
1>
b01000000 7
0Y
1*
1!
b0011 8
1a
b010101110101001001001001010101000100010100110000 P
b0011100000111010010101110101001001001001010101000100010100110001 Q
0.
#657
0`
#660
0a
#662
1`
#665
b00000000000000000011 /
1a
b00000000000000000000000001000000 %
1B
#667
0`
#670
0a
#672
1`
#675
b00000000000000000010 /
1a
#677
0`
#680
0a
#682
1`
#685
b00000000000000000001 /
1a
#687
0`
#690
0a
#692
1`
#695
b00000000000000000000 /
1a
19
1.
#697
0`
#700
0a
#702
1`
#705
b00000000000000000100 /
b0010 R
1S
09
1=
0U
b1000000 X
0>
1Y
0!
0*
1V
1a
b010101110101001001001001010101000100010100110001 P
b0011011100111010010101110101001001001001010101000100010100110000 Q
0.
#707
0`
#710
0a
#712
1`
#715
b00000000000000000011 /
1a
0B
#717
0`
#720
0a
#722
1`
#725
b00000000000000000010 /
1a
#727
0`
#730
0a
#732
1`
#735
b00000000000000000001 /
1a
#737
0`
#740
0a
#742
1`
#745
b00000000000000000000 /
1a
19
1.
#747
0`
#750
0a
#752
1`
#755
b00000000000000000100 /
0=
b0000000 X
1>
b10000000 7
0Y
b0010 8
1a
b010101110101001001001001010101000100010100110000 P
09
b0011100000111010010101110101001001001001010101000100010100110001 Q
1!
b0000 R
0S
1T
1U
1*
0V
0.
#757
0`
#760
0a
#762
1`
#765
b00000000000000000011 /
1a
b00000000000000000000000010000000 %
1B
#767
0`
#770
0a
#772
1`
#775
b00000000000000000010 /
1a
#777
0`
#780
0a
#782
1`
#785
b00000000000000000001 /
1a
#787
0`
#790
0a
#792
1`
#795
b00000000000000000000 /
1a
19
1.
#797
0`
#800
0a
#802
1`
#805
b00000000000000000100 /
b0001 R
1S
1V
09
0T
1=
0U
0>
1Y
0!
0*
1+
1a
b010101110101001001001001010101000100010100110001 P
b0011011100111010010101110101001001001001010101000100010100110000 Q
0.
#807
0`
#810
0a
#812
1`
#815
b00000000000000000011 /
1a
0@
1A
1,
0B
1"
#817
0`
#820
0a
#822
1`
#825
0C
1a
b00000000000000000010 /
#827
0`
#830
0a
#832
1`
#835
b00000000000000000001 /
1a
#837
0`
#840
0a
#842
1`
#845
b00000000000000000000 /
1a
19
1.
#847
0`
#850
0a
#852
1`
#855
b00000000000000000100 /
b0000 R
0S
0V
09
0=
1U
1>
b00000000 7
0Y
1*
1!
b0001 8
1a
b010101110101001001001001010101000100010100110000 P
b0011100000111010010101110101001001001001010101000100010100110001 Q
0.
#857
0`
#860
0a
#862
1`
#865
b00000000000000000011 /
1a
b00000000000000000000000000000000 %
1B
#867
0`
#870
0a
#872
1`
#875
b00000000000000000010 /
1a
#877
0`
#880
0a
#882
1`
#885
b00000000000000000001 /
1a
#887
0`
#890
0a
#892
1`
#895
b00000000000000000000 /
1a
19
1.
#897
0`
#900
0a
#902
1`
#905
b00000000000000000100 /
1S
1V
09
1=
0U
0>
1Y
0!
0*
0+
1a
b010101110101001001001001010101000100010100110001 P
b0011011100111010010101110101001001001001010101000100010100110000 Q
0.
#907
0`
#910
0a
#912
1`
#915
b00000000000000000011 /
1a
1@
0A
0,
0B
0"
#917
0`
#920
0a
#922
1`
#925
1C
1a
b00000000000000000010 /
#927
0`
#930
0a
#932
1`
#935
b00000000000000000001 /
1a
#937
0`
#940
0a
#942
1`
#945
b00000000000000000000 /
1a
19
1.
#947
0`
#950
0a
#952
1`
#955
b00000000000000000100 /
0S
0V
09
1T
0=
1U
1>
0Y
1!
1*
b0000 8
1a
b010101110101001001001001010101000100010100110000 P
b00111001001110100101001001000101010000010100010001000001010000110100101100110000 Q
0.
#957
0`
#960
0a
#962
1`
#965
b00000000000000000011 /
1a
1B
#967
0`
#970
0a
#972
1`
#975
b00000000000000000010 /
1a
#977
0`
#980
0a
#982
1`
#985
b00000000000000000001 /
1a
#987
0`
#990
0a
#992
1`
#995
b00000000000000000000 /
1a
19
1.
#997
0`
#1000
0a
#1002
1`
#1005
b00000000000000000100 /
1V
09
0T
1=
0U
0>
0!
0*
1+
1a
b0101001001000101010000010100010001000001010000110100101100110000 P
b0011000100110000001110100101001001000101010000010100010001000001010000110100101100110001 Q
0.
#1007
0`
#1010
0a
#1012
1`
#1015
b00000000000000000011 /
1a
0@
1A
1,
0B
1"
#1017
0`
#1020
0a
#1022
1`
#1025
0C
b00000000000000000010 /
0_
1a
0,
0A
0"
#1027
0`
#1030
0a
#1032
1`
#1035
b00000000000000000001 /
1a
#1037
0`
#1040
0a
#1042
1`
#1045
b00000000000000000000 /
1a
19
1.
#1047
0`
#1050
0a
#1052
1`
#1055
b00000000000000000100 /
1[
0.
09
0=
1>
1!
1*
0V
1a
b0101001001000101010000010100010001000001010000110100101100110001 P
b001100000011101001001001010001000100110001000101 Q
1Z
#1057
0`
#1060
0a
#1062
1`
#1065
b00000000000000000011 /
1B
1&
1a
1'
0)
#1067
0`
#1070
0a
#1072
1`
#1075
b00000000000000000010 /
1a
1(
#1077
0`
#1080
0a
#1082
1`
#1085
b00000000000000000001 /
0&
1a
0'
0(
#1087
0`
#1090
0a
#1092
1`
#1095
b00000000000000000000 /
1&
1a
1'
19
1.
#1097
0`
#1100
0a
#1102
1`
#1105
b00000000000000000100 /
00
11
1=
16
0>
1a
09
b01001001010001000100110001000101 P
0!
0Z
0[
1E
1(
1G
1;
0*
1J
0W
0.
#1107
0`
#1110
0a
#1112
1`
#1115
1I
b00000000000000000010000100000000 %
0&
1a
0'
0(
0B
#1117
0`
#1120
0a
#1122
1`
#1125
1&
1a
1'
#1127
0`
#1130
0a
#1132
1`
#1135
1a
1(
#1137
0`
#1140
0a
#1142
1`
#1145
1_
1a
1,
1A
0(
1"
#1147
0`
#1150
0a
#1152
1`
#1155
1a
1(
#1157
0`
#1160
0a
#1162
1`
#1165
1a
b00000000000000000000010000011000 $
0(
1)
#1167
0`
#1170
0a
#1172
1`
#1175
b1000 R
1S
10
01
0E
1(
0G
14
1:
06
b00011000 7
0J
1a
19
b0011011100111010010101110101001001001001010101000100010100110000 Q
#1177
0`
#1180
0a
#1182
1`
#1185
b00000000000000000011 /
b0000 R
0S
b00000000000000000000000000011000 %
0&
0'
0(
09
04
0:
0I
1U
1W
0;
b1000 8
1a
b010101110101001001001001010101000100010100110000 P
b0011100000111010010101110101001001001001010101000100010100110001 Q
#1187
0`
#1190
0a
#1192
1`
#1195
b00000000000000000010 /
1a
#1197
0`
#1200
0a
#1202
1`
#1205
b00000000000000000001 /
1a
#1207
0`
#1210
0a
#1212
1`
#1215
b00000000000000000000 /
1a
19
1.
#1217
0`
#1220
0a
#1222
1`
#1225
b00000000000000000100 /
b0111 R
1S
1V
1@
0,
09
0U
b0011000 X
1Y
0+
1a
b010101110101001001001001010101000100010100110001 P
0A
b0011011100111010010101110101001001001001010101000100010100110000 Q
0.
0"
#1227
0`
#1230
0a
#1232
1`
#1235
1C
1a
b00000000000000000011 /
#1237
0`
#1240
0a
#1242
1`
#1245
b00000000000000000010 /
1a
#1247
0`
#1250
0a
#1252
1`
#1255
b00000000000000000001 /
1a
#1257
0`
#1260
0a
#1262
1`
#1265
b00000000000000000000 /
1a
19
1.
#1267
0`
#1270
0a
#1272
1`
#1275
b00000000000000000100 /
b0000 R
0S
0V
09
0=
1U
b0000000 X
1>
b00110000 7
0Y
1*
1!
b0111 8
1a
b010101110101001001001001010101000100010100110000 P
b0011100000111010010101110101001001001001010101000100010100110001 Q
0.
#1277
0`
#1280
0a
#1282
1`
#1285
b00000000000000000011 /
1a
b00000000000000000000000000110000 %
1B
#1287
0`
#1290
0a
#1292
1`
#1295
b00000000000000000010 /
1a
#1297
0`
#1300
0a
#1302
1`
#1305
b00000000000000000001 /
1a
#1307
0`
#1310
0a
#1312
1`
#1315
b00000000000000000000 /
1a
19
1.
#1317
0`
#1320
0a
#1322
1`
#1325
b00000000000000000100 /
b0110 R
1S
09
1=
0U
b0110000 X
0>
1Y
0!
0*
1V
1a
b010101110101001001001001010101000100010100110001 P
b0011011100111010010101110101001001001001010101000100010100110000 Q
0.
#1327
0`
#1330
0a
#1332
1`
#1335
b00000000000000000011 /
1a
0B
#1337
0`
#1340
0a
#1342
1`
#1345
b00000000000000000010 /
1a
#1347
0`
#1350
0a
#1352
1`
#1355
b00000000000000000001 /
1a
#1357
0`
#1360
0a
#1362
1`
#1365
b00000000000000000000 /
1a
19
1.
#1367
0`
#1370
0a
#1372
1`
#1375
b00000000000000000100 /
b0000 R
0S
0V
09
0=
1U
b0000000 X
1>
b01100000 7
0Y
1*
1!
b0110 8
1a
b010101110101001001001001010101000100010100110000 P
b0011100000111010010101110101001001001001010101000100010100110001 Q
0.
#1377
0`
#1380
0a
#1382
1`
#1385
b00000000000000000011 /
1a
b00000000000000000000000001100000 %
1B
#1387
0`
#1390
0a
#1392
1`
#1395
b00000000000000000010 /
1a
#1397
0`
#1400
0a
#1402
1`
#1405
b00000000000000000001 /
1a
#1407
0`
#1410
0a
#1412
1`
#1415
b00000000000000000000 /
1a
19
1.
#1417
0`
#1420
0a
#1422
1`
#1425
b00000000000000000100 /
b0101 R
1S
09
1=
0U
b1100000 X
0>
1Y
0!
0*
1V
1a
b010101110101001001001001010101000100010100110001 P
b0011011100111010010101110101001001001001010101000100010100110000 Q
0.
#1427
0`
#1430
0a
#1432
1`
#1435
b00000000000000000011 /
1a
0B
#1437
0`
#1440
0a
#1442
1`
#1445
b00000000000000000010 /
1a
#1447
0`
#1450
0a
#1452
1`
#1455
b00000000000000000001 /
1a
#1457
0`
#1460
0a
#1462
1`
#1465
b00000000000000000000 /
1a
19
1.
#1467
0`
#1470
0a
#1472
1`
#1475
b00000000000000000100 /
0=
b0000000 X
1>
b11000000 7
0Y
b0101 8
1a
b010101110101001001001001010101000100010100110000 P
09
b0011100000111010010101110101001001001001010101000100010100110001 Q
1!
b0000 R
0S
1T
1U
1*
0V
0.
#1477
0`
#1480
0a
#1482
1`
#1485
b00000000000000000011 /
1a
b00000000000000000000000011000000 %
1B
#1487
0`
#1490
0a
#1492
1`
#1495
b00000000000000000010 /
1a
#1497
0`
#1500
0a
#1502
1`
#1505
b00000000000000000001 /
1a
#1507
0`
#1510
0a
#1512
1`
#1515
b00000000000000000000 /
1a
19
1.
#1517
0`
#1520
0a
#1522
1`
#1525
b00000000000000000100 /
b0100 R
1S
1V
09
0T
1=
0U
b1000000 X
0>
1Y
0!
0*
1+
1a
b010101110101001001001001010101000100010100110001 P
b0011011100111010010101110101001001001001010101000100010100110000 Q
0.
#1527
0`
#1530
0a
#1532
1`
#1535
b00000000000000000011 /
1a
0@
1A
1,
0B
1"
#1537
0`
#1540
0a
#1542
1`
#1545
0C
1a
b00000000000000000010 /
#1547
0`
#1550
0a
#1552
1`
#1555
b00000000000000000001 /
1a
#1557
0`
#1560
0a
#1562
1`
#1565
b00000000000000000000 /
1a
19
1.
#1567
0`
#1570
0a
#1572
1`
#1575
b00000000000000000100 /
0=
b0000000 X
1>
b10000000 7
0Y
b0100 8
1a
b010101110101001001001001010101000100010100110000 P
09
b0011100000111010010101110101001001001001010101000100010100110001 Q
1!
b0000 R
0S
1T
1U
1*
0V
0.
#1577
0`
#1580
0a
#1582
1`
#1585
b00000000000000000011 /
1a
b00000000000000000000000010000000 %
1B
#1587
0`
#1590
0a
#1592
1`
#1595
b00000000000000000010 /
1a
#1597
0`
#1600
0a
#1602
1`
#1605
b00000000000000000001 /
1a
#1607
0`
#1610
0a
#1612
1`
#1615
b00000000000000000000 /
1a
19
1.
#1617
0`
#1620
0a
#1622
1`
#1625
b00000000000000000100 /
b0011 R
1S
09
0T
1=
0U
0>
1Y
0!
0*
1V
1a
b010101110101001001001001010101000100010100110001 P
b0011011100111010010101110101001001001001010101000100010100110000 Q
0.
#1627
0`
#1630
0a
#1632
1`
#1635
b00000000000000000011 /
1a
0B
#1637
0`
#1640
0a
#1642
1`
#1645
b00000000000000000010 /
1a
#1647
0`
#1650
0a
#1652
1`
#1655
b00000000000000000001 /
1a
#1657
0`
#1660
0a
#1662
1`
#1665
b00000000000000000000 /
1a
19
1.
#1667
0`
#1670
0a
#1672
1`
#1675
b00000000000000000100 /
b0000 R
0S
0V
09
0=
1U
1>
b00000000 7
0Y
1*
1!
b0011 8
1a
b010101110101001001001001010101000100010100110000 P
b0011100000111010010101110101001001001001010101000100010100110001 Q
0.
#1677
0`
#1680
0a
#1682
1`
#1685
b00000000000000000011 /
1a
b00000000000000000000000000000000 %
1B
#1687
0`
#1690
0a
#1692
1`
#1695
b00000000000000000010 /
1a
#1697
0`
#1700
0a
#1702
1`
#1705
b00000000000000000001 /
1a
#1707
0`
#1710
0a
#1712
1`
#1715
b00000000000000000000 /
1a
19
1.
#1717
0`
#1720
0a
#1722
1`
#1725
b00000000000000000100 /
b0010 R
1S
1V
09
1=
0U
0>
1Y
0!
0*
0+
1a
b010101110101001001001001010101000100010100110001 P
b0011011100111010010101110101001001001001010101000100010100110000 Q
0.
#1727
0`
#1730
0a
#1732
1`
#1735
b00000000000000000011 /
1a
1@
0A
0,
0B
0"
#1737
0`
#1740
0a
#1742
1`
#1745
1C
1a
b00000000000000000010 /
#1747
0`
#1750
0a
#1752
1`
#1755
b00000000000000000001 /
1a
#1757
0`
#1760
0a
#1762
1`
#1765
b00000000000000000000 /
1a
19
1.
#1767
0`
#1770
0a
#1772
1`
#1775
b00000000000000000100 /
b0000 R
0S
0V
09
0=
1U
1>
0Y
1!
1*
b0010 8
1a
b010101110101001001001001010101000100010100110000 P
b0011100000111010010101110101001001001001010101000100010100110001 Q
0.
#1777
0`
#1780
0a
#1782
1`
#1785
b00000000000000000011 /
1a
1B
#1787
0`
#1790
0a
#1792
1`
#1795
b00000000000000000010 /
1a
#1797
0`
#1800
0a
#1802
1`
#1805
b00000000000000000001 /
1a
#1807
0`
#1810
0a
#1812
1`
#1815
b00000000000000000000 /
1a
19
1.
#1817
0`
#1820
0a
#1822
1`
#1825
b00000000000000000100 /
b0001 R
1S
09
1=
0U
0>
1Y
0!
0*
1V
1a
b010101110101001001001001010101000100010100110001 P
b0011011100111010010101110101001001001001010101000100010100110000 Q
0.
#1827
0`
#1830
0a
#1832
1`
#1835
b00000000000000000011 /
1a
0B
#1837
0`
#1840
0a
#1842
1`
#1845
b00000000000000000010 /
1a
#1847
0`
#1850
0a
#1852
1`
#1855
b00000000000000000001 /
1a
#1857
0`
#1860
0a
#1862
1`
#1865
b00000000000000000000 /
1a
19
1.
#1867
0`
#1870
0a
#1872
1`
#1875
b00000000000000000100 /
b0000 R
0S
0V
09
0=
1U
1>
0Y
1!
1*
b0001 8
1a
b010101110101001001001001010101000100010100110000 P
b0011100000111010010101110101001001001001010101000100010100110001 Q
0.
#1877
0`
#1880
0a
#1882
1`
#1885
b00000000000000000011 /
1a
1B
#1887
0`
#1890
0a
#1892
1`
#1895
b00000000000000000010 /
1a
#1897
0`
#1900
0a
#1902
1`
#1905
b00000000000000000001 /
1a
#1907
0`
#1910
0a
#1912
1`
#1915
b00000000000000000000 /
1a
19
1.
#1917
0`
#1920
0a
#1922
1`
#1925
b00000000000000000100 /
1S
09
1=
0U
0>
1Y
0!
0*
1V
1a
b010101110101001001001001010101000100010100110001 P
b0011011100111010010101110101001001001001010101000100010100110000 Q
0.
#1927
0`
#1930
0a
#1932
1`
#1935
b00000000000000000011 /
1a
0B
#1937
0`
#1940
0a
#1942
1`
#1945
b00000000000000000010 /
1a
#1947
0`
#1950
0a
#1952
1`
#1955
b00000000000000000001 /
1a
#1957
0`
#1960
0a
#1962
1`
#1965
b00000000000000000000 /
1a
19
1.
#1967
0`
#1970
0a
#1972
1`
#1975
b00000000000000000100 /
0S
0V
09
1T
0=
1U
1>
0Y
1!
1*
b0000 8
1a
b010101110101001001001001010101000100010100110000 P
b00111001001110100101001001000101010000010100010001000001010000110100101100110000 Q
0.
#1977
0`
#1980
0a
#1982
1`
#1985
b00000000000000000011 /
1a
1B
#1987
0`
#1990
0a
#1992
1`
#1995
b00000000000000000010 /
1a
#1997
0`
#2000
0a
#2002
1`
#2005
b00000000000000000001 /
1a
#2007
0`
#2010
0a
#2012
1`
#2015
b00000000000000000000 /
1a
19
1.
#2017
0`
#2020
0a
#2022
1`
#2025
b00000000000000000100 /
1V
09
0T
1=
0U
0>
0!
0*
1+
1a
b0101001001000101010000010100010001000001010000110100101100110000 P
b0011000100110000001110100101001001000101010000010100010001000001010000110100101100110001 Q
0.
#2027
0`
#2030
0a
#2032
1`
#2035
b00000000000000000011 /
1a
0@
1A
1,
0B
1"
#2037
0`
#2040
0a
#2042
1`
#2045
0C
b00000000000000000010 /
0_
1a
0,
0A
0"
#2047
0`
#2050
0a
#2052
1`
#2055
b00000000000000000001 /
1a
#2057
0`
#2060
0a
#2062
1`
#2065
b00000000000000000000 /
1a
19
1.
#2067
0`
#2070
0a
#2072
1`
#2075
b00000000000000000100 /
1[
0.
09
0=
1>
1!
1*
0V
1a
b0101001001000101010000010100010001000001010000110100101100110001 P
b001100000011101001001001010001000100110001000101 Q
1Z
#2077
0`
#2080
0a
#2082
1`
#2085
b00000000000000000011 /
1B
1&
1a
1'
0)
#2087
0`
#2090
0a
#2092
1`
#2095
b00000000000000000010 /
1a
1(
#2097
0`
#2100
0a
#2102
1`
#2105
b00000000000000000001 /
0&
1a
0'
0(
#2107
0`
#2110
0a
#2112
1`
#2115
b00000000000000000000 /
1&
1a
1'
19
1.
#2117
0`
#2120
0a
#2122
1`
#2125
b00000000000000000100 /
00
11
1=
16
0>
1a
09
b01001001010001000100110001000101 P
0!
0Z
0[
1E
1(
1G
1;
0*
1J
0W
0.
#2127
0`
#2130
0a
#2132
1`
#2135
1I
b00000000000000000010000100000000 %
0&
1a
0'
0(
0B
#2137
0`
#2140
0a
#2142
1`
#2145
1&
1a
1'
#2147
0`
#2150
0a
#2152
1`
#2155
1a
1(
#2157
0`
#2160
0a
#2162
1`
#2165
1_
1a
1,
1A
0(
1"
#2167
0`
#2170
0a
#2172
1`
#2175
1a
1(
#2177
0`
#2180
0a
#2182
1`
#2185
1a
b00000000000000000001000000000000 $
0(
1)
#2187
0`
#2190
0a
#2192
1`
#2195
10
01
0E
1(
13
0G
1:
06
0J
1a
19
b00110100001110100101001101010100010011110101000000110000 Q
#2197
0`
#2200
0a
#2202
1`
#2205
b00000000000000000011 /
b00000000000000000000000000000000 %
0&
0'
0(
03
09
0:
0I
1U
0;
1a
b0101001101010100010011110101000000110000 P
b00110101001110100101001101010100010011110101000000110001 Q
#2207
0`
#2210
0a
#2212
1`
#2215
b00000000000000000010 /
1a
#2217
0`
#2220
0a
#2222
1`
#2225
b00000000000000000001 /
1a
#2227
0`
#2230
0a
#2232
1`
#2235
b00000000000000000000 /
1a
19
1.
#2237
0`
#2240
0a
#2242
1`
#2245
b00000000000000000100 /
1V
1@
0,
09
0U
1W
0+
1a
b0101001101010100010011110101000000110001 P
0A
b00110110001110100101001101010100010011110101000000110010 Q
0.
0"
#2247
0`
#2250
0a
#2252
1`
#2255
1C
1a
b00000000000000000011 /
#2257
0`
#2260
0a
#2262
1`
#2265
b00000000000000000010 /
1a
#2267
0`
#2270
0a
#2272
1`
#2275
b00000000000000000001 /
1a
#2277
0`
#2280
0a
#2282
1`
#2285
b00000000000000000000 /
1a
19
1.
#2287
0`
#2290
0a
#2292
1`
#2295
b00000000000000000100 /
09
1T
0=
1U
0W
1>
1!
1*
0V
1a
b0101001101010100010011110101000000110010 P
b001100000011101001001001010001000100110001000101 Q
0.
#2297
0`
#2300
0a
#2302
1`
#2305
b00000000000000000011 /
1a
1B
#2307
0`
#2310
0a
#2312
1`
#2315
b00000000000000000010 /
1a
#2317
0`
#2320
0a
#2322
1`
#2325
b00000000000000000001 /
1a
#2327
0`
#2330
0a
#2332
1`
#2335
b00000000000000000000 /
1a
19
1.
#2337
0`
#2340
0a
#2342
1`
#2345
b00000000000000000100 /
00
11
1E
0@
1,
09
0T
1G
0U
1;
1J
1+
1a
b01001001010001000100110001000101 P
1A
0.
1"
#2347
0`
#2350
0a
#2352
1`
#2355
0C
1I
b00000000000000000010000000000000 %
1&
1a
1'
0)
#2357
0`
#2360
0a
#2362
1`
#2365
1a
1(
#2367
0`
#2370
0a
#2372
1`
#2375
1a
b00000000000000000000100000000000 $
0(
1)
#2377
0`
#2380
0a
#2382
1`
#2385
10
01
0E
12
1(
0G
1:
0J
1a
19
b0011000100111010010100110101010001000001010100100101010000110000 Q
#2387
0`
#2390
0a
#2392
1`
#2395
b00000000000000000011 /
b00000000000000000000000000000000 %
0&
02
0'
0(
09
0:
0I
1U
0;
1a
b010100110101010001000001010100100101010000110000 P
b001100000011101001001001010001000100110001000101 Q
#2397
0`
#2400
0a
#2402
1`
#2405
b00000000000000000010 /
1a
#2407
0`
#2410
0a
#2412
1`
#2415
b00000000000000000001 /
1a
#2417
0`
#2420
0a
#2422
1`
#2425
b00000000000000000000 /
1a
19
1.
#2427
0`
#2430
0a
#2432
1`
#2435
b00000000000000000100 /
00
11
1E
1@
0,
09
1G
0U
1;
1J
0+
1a
b01001001010001000100110001000101 P
0A
0.
0"
#2437
0`
#2440
0a
#2442
1`
#2445
1C
1I
b00000000000000000010000000000000 %
1&
1a
1'
0)
#2447
0`
#2450
0a
#2452
1`
#2455
1a
1(
#2457
0`
#2460
0a
#2462
1`
#2465
1a
b00000000000000000000010010000011 $
0(
1)
#2467
0`
#2470
0a
#2472
1`
#2475
b1000 R
1S
10
01
0E
1(
0G
14
1:
b10000011 7
0J
1a
19
b0011011100111010010101110101001001001001010101000100010100110000 Q
#2477
0`
#2480
0a
#2482
1`
#2485
b00000000000000000011 /
04
b1000 8
1a
b010101110101001001001001010101000100010100110000 P
09
b0011100000111010010101110101001001001001010101000100010100110001 Q
b0000 R
0S
b00000000000000000000000010000011 %
0&
0'
0(
1T
0:
0I
1U
0;
1W
#2487
0`
#2490
0a
#2492
1`
#2495
b00000000000000000010 /
1a
#2497
0`
#2500
0a
#2502
1`
#2505
b00000000000000000001 /
1a
#2507
0`
#2510
0a
#2512
1`
#2515
b00000000000000000000 /
1a
19
1.
#2517
0`
#2520
0a
#2522
1`
#2525
b00000000000000000100 /
b0111 R
1S
1V
09
0T
1=
0U
b0000011 X
0>
1Y
0!
0*
1+
1a
b010101110101001001001001010101000100010100110001 P
b0011011100111010010101110101001001001001010101000100010100110000 Q
0.
#2527
0`
#2530
0a
#2532
1`
#2535
b00000000000000000011 /
1a
0@
1A
1,
0B
1"
#2537
0`
#2540
0a
#2542
1`
#2545
0C
1a
b00000000000000000010 /
#2547
0`
#2550
0a
#2552
1`
#2555
b00000000000000000001 /
1a
#2557
0`
#2560
0a
#2562
1`
#2565
b00000000000000000000 /
1a
19
1.
#2567
0`
#2570
0a
#2572
1`
#2575
b00000000000000000100 /
b0000 R
0S
0V
09
0=
1U
b0000000 X
1>
b00000111 7
0Y
1*
1!
b0111 8
1a
b010101110101001001001001010101000100010100110000 P
b0011100000111010010101110101001001001001010101000100010100110001 Q
0.
#2577
0`
#2580
0a
#2582
1`
#2585
b00000000000000000011 /
1a
b00000000000000000000000000000111 %
1B
#2587
0`
#2590
0a
#2592
1`
#2595
b00000000000000000010 /
1a
#2597
0`
#2600
0a
#2602
1`
#2605
b00000000000000000001 /
1a
#2607
0`
#2610
0a
#2612
1`
#2615
b00000000000000000000 /
1a
19
1.
#2617
0`
#2620
0a
#2622
1`
#2625
b00000000000000000100 /
b0110 R
1S
1V
09
1=
0U
b0000111 X
0>
1Y
0!
0*
0+
1a
b010101110101001001001001010101000100010100110001 P
b0011011100111010010101110101001001001001010101000100010100110000 Q
0.
#2627
0`
#2630
0a
#2632
1`
#2635
b00000000000000000011 /
1a
1@
0A
0,
0B
0"
#2637
0`
#2640
0a
#2642
1`
#2645
1C
1a
b00000000000000000010 /
#2647
0`
#2650
0a
#2652
1`
#2655
b00000000000000000001 /
1a
#2657
0`
#2660
0a
#2662
1`
#2665
b00000000000000000000 /
1a
19
1.
#2667
0`
#2670
0a
#2672
1`
#2675
b00000000000000000100 /
b0000 R
0S
0V
09
0=
1U
b0000000 X
1>
b00001111 7
0Y
1*
1!
b0110 8
1a
b010101110101001001001001010101000100010100110000 P
b0011100000111010010101110101001001001001010101000100010100110001 Q
0.
#2677
0`
#2680
0a
#2682
1`
#2685
b00000000000000000011 /
1a
b00000000000000000000000000001111 %
1B
#2687
0`
#2690
0a
#2692
1`
#2695
b00000000000000000010 /
1a
#2697
0`
#2700
0a
#2702
1`
#2705
b00000000000000000001 /
1a
#2707
0`
#2710
0a
#2712
1`
#2715
b00000000000000000000 /
1a
19
1.
#2717
0`
#2720
0a
#2722
1`
#2725
b00000000000000000100 /
b0101 R
1S
09
1=
0U
b0001111 X
0>
1Y
0!
0*
1V
1a
b010101110101001001001001010101000100010100110001 P
b0011011100111010010101110101001001001001010101000100010100110000 Q
0.
#2727
0`
#2730
0a
#2732
1`
#2735
b00000000000000000011 /
1a
0B
#2737
0`
#2740
0a
#2742
1`
#2745
b00000000000000000010 /
1a
#2747
0`
#2750
0a
#2752
1`
#2755
b00000000000000000001 /
1a
#2757
0`
#2760
0a
#2762
1`
#2765
b00000000000000000000 /
1a
19
1.
#2767
0`
#2770
0a
#2772
1`
#2775
b00000000000000000100 /
b0000 R
0S
0V
09
0=
1U
b0000000 X
1>
b00011111 7
0Y
1*
1!
b0101 8
1a
b010101110101001001001001010101000100010100110000 P
b0011100000111010010101110101001001001001010101000100010100110001 Q
0.
#2777
0`
#2780
0a
#2782
1`
#2785
b00000000000000000011 /
1a
b00000000000000000000000000011111 %
1B
#2787
0`
#2790
0a
#2792
1`
#2795
b00000000000000000010 /
1a
#2797
0`
#2800
0a
#2802
1`
#2805
b00000000000000000001 /
1a
#2807
0`
#2810
0a
#2812
1`
#2815
b00000000000000000000 /
1a
19
1.
#2817
0`
#2820
0a
#2822
1`
#2825
b00000000000000000100 /
b0100 R
1S
09
1=
0U
b0011111 X
0>
1Y
0!
0*
1V
1a
b010101110101001001001001010101000100010100110001 P
b0011011100111010010101110101001001001001010101000100010100110000 Q
0.
#2827
0`
#2830
0a
#2832
1`
#2835
b00000000000000000011 /
1a
0B
#2837
0`
#2840
0a
#2842
1`
#2845
b00000000000000000010 /
1a
#2847
0`
#2850
0a
#2852
1`
#2855
b00000000000000000001 /
1a
#2857
0`
#2860
0a
#2862
1`
#2865
b00000000000000000000 /
1a
19
1.
#2867
0`
#2870
0a
#2872
1`
#2875
b00000000000000000100 /
b0000 R
0S
0V
09
0=
1U
b0000000 X
1>
b00111111 7
0Y
1*
1!
b0100 8
1a
b010101110101001001001001010101000100010100110000 P
b0011100000111010010101110101001001001001010101000100010100110001 Q
0.
#2877
0`
#2880
0a
#2882
1`
#2885
b00000000000000000011 /
1a
b00000000000000000000000000111111 %
1B
#2887
0`
#2890
0a
#2892
1`
#2895
b00000000000000000010 /
1a
#2897
0`
#2900
0a
#2902
1`
#2905
b00000000000000000001 /
1a
#2907
0`
#2910
0a
#2912
1`
#2915
b00000000000000000000 /
1a
19
1.
#2917
0`
#2920
0a
#2922
1`
#2925
b00000000000000000100 /
b0011 R
1S
09
1=
0U
b0111111 X
0>
1Y
0!
0*
1V
1a
b010101110101001001001001010101000100010100110001 P
b0011011100111010010101110101001001001001010101000100010100110000 Q
0.
#2927
0`
#2930
0a
#2932
1`
#2935
b00000000000000000011 /
1a
0B
#2937
0`
#2940
0a
#2942
1`
#2945
b00000000000000000010 /
1a
#2947
0`
#2950
0a
#2952
1`
#2955
b00000000000000000001 /
1a
#2957
0`
#2960
0a
#2962
1`
#2965
b00000000000000000000 /
1a
19
1.
#2967
0`
#2970
0a
#2972
1`
#2975
b00000000000000000100 /
b0000 R
0S
0V
09
0=
1U
b0000000 X
1>
b01111111 7
0Y
1*
1!
b0011 8
1a
b010101110101001001001001010101000100010100110000 P
b0011100000111010010101110101001001001001010101000100010100110001 Q
0.
#2977
0`
#2980
0a
#2982
1`
#2985
b00000000000000000011 /
1a
b00000000000000000000000001111111 %
1B
#2987
0`
#2990
0a
#2992
1`
#2995
b00000000000000000010 /
1a
#2997
0`
#3000
0a
#3002
1`
#3005
b00000000000000000001 /
1a
#3007
0`
#3010
0a
#3012
1`
#3015
b00000000000000000000 /
1a
19
1.
#3017
0`
#3020
0a
#3022
1`
#3025
b00000000000000000100 /
b0010 R
1S
09
1=
0U
b1111111 X
0>
1Y
0!
0*
1V
1a
b010101110101001001001001010101000100010100110001 P
b0011011100111010010101110101001001001001010101000100010100110000 Q
0.
#3027
0`
#3030
0a
#3032
1`
#3035
b00000000000000000011 /
1a
0B
#3037
0`
#3040
0a
#3042
1`
#3045
b00000000000000000010 /
1a
#3047
0`
#3050
0a
#3052
1`
#3055
b00000000000000000001 /
1a
#3057
0`
#3060
0a
#3062
1`
#3065
b00000000000000000000 /
1a
19
1.
#3067
0`
#3070
0a
#3072
1`
#3075
b00000000000000000100 /
0=
b0000000 X
1>
b11111111 7
0Y
b0010 8
1a
b010101110101001001001001010101000100010100110000 P
09
b0011100000111010010101110101001001001001010101000100010100110001 Q
1!
b0000 R
0S
1T
1U
1*
0V
0.
#3077
0`
#3080
0a
#3082
1`
#3085
b00000000000000000011 /
1a
b00000000000000000000000011111111 %
1B
#3087
0`
#3090
0a
#3092
1`
#3095
b00000000000000000010 /
1a
#3097
0`
#3100
0a
#3102
1`
#3105
b00000000000000000001 /
1a
#3107
0`
#3110
0a
#3112
1`
#3115
b00000000000000000000 /
1a
19
1.
#3117
0`
#3120
0a
#3122
1`
#3125
b00000000000000000100 /
b0001 R
1S
1V
09
0T
1=
0U
b1111111 X
0>
1Y
0!
0*
1+
1a
b010101110101001001001001010101000100010100110001 P
b0011011100111010010101110101001001001001010101000100010100110000 Q
0.
#3127
0`
#3130
0a
#3132
1`
#3135
b00000000000000000011 /
1a
0@
1A
1,
0B
1"
#3137
0`
#3140
0a
#3142
1`
#3145
0C
1a
b00000000000000000010 /
#3147
0`
#3150
0a
#3152
1`
#3155
b00000000000000000001 /
1a
#3157
0`
#3160
0a
#3162
1`
#3165
b00000000000000000000 /
1a
19
1.
#3167
0`
#3170
0a
#3172
1`
#3175
b00000000000000000100 /
b0000 R
0S
0V
09
1T
0=
1U
b0000000 X
1>
0Y
1!
1*
b0001 8
1a
b010101110101001001001001010101000100010100110000 P
b0011100000111010010101110101001001001001010101000100010100110001 Q
0.
#3177
0`
#3180
0a
#3182
1`
#3185
b00000000000000000011 /
1a
1B
#3187
0`
#3190
0a
#3192
1`
#3195
b00000000000000000010 /
1a
#3197
0`
#3200
0a
#3202
1`
#3205
b00000000000000000001 /
1a
#3207
0`
#3210
0a
#3212
1`
#3215
b00000000000000000000 /
1a
19
1.
#3217
0`
#3220
0a
#3222
1`
#3225
b00000000000000000100 /
1S
09
0T
1=
0U
b1111111 X
0>
1Y
0!
0*
1V
1a
b010101110101001001001001010101000100010100110001 P
b0011011100111010010101110101001001001001010101000100010100110000 Q
0.
#3227
0`
#3230
0a
#3232
1`
#3235
b00000000000000000011 /
1a
0B
#3237
0`
#3240
0a
#3242
1`
#3245
b00000000000000000010 /
1a
#3247
0`
#3250
0a
#3252
1`
#3255
b00000000000000000001 /
1a
#3257
0`
#3260
0a
#3262
1`
#3265
b00000000000000000000 /
1a
19
1.
#3267
0`
#3270
0a
#3272
1`
#3275
b00000000000000000100 /
0S
0V
09
1T
0=
1U
b0000000 X
1>
0Y
1!
1*
b0000 8
1a
b010101110101001001001001010101000100010100110000 P
b00111001001110100101001001000101010000010100010001000001010000110100101100110000 Q
0.
#3277
0`
#3280
0a
#3282
1`
#3285
b00000000000000000011 /
1a
1B
#3287
0`
#3290
0a
#3292
1`
#3295
b00000000000000000010 /
1a
#3297
0`
#3300
0a
#3302
1`
#3305
b00000000000000000001 /
1a
#3307
0`
#3310
0a
#3312
1`
#3315
b00000000000000000000 /
1a
19
1.
#3317
0`
#3320
0a
#3322
1`
#3325
b00000000000000000100 /
09
0T
1=
0U
0>
0!
0*
1V
1a
b0101001001000101010000010100010001000001010000110100101100110000 P
b0011000100110000001110100101001001000101010000010100010001000001010000110100101100110001 Q
0.
#3327
0`
#3330
0a
#3332
1`
#3335
b00000000000000000011 /
0_
1a
0,
0A
0B
0"
#3337
0`
#3340
0a
#3342
1`
#3345
b00000000000000000010 /
1a
#3347
0`
#3350
0a
#3352
1`
#3355
b00000000000000000001 /
1a
#3357
0`
#3360
0a
#3362
1`
#3365
b00000000000000000000 /
1a
19
1.
#3367
0`
#3370
0a
#3372
1`
#3375
b00000000000000000100 /
1[
0.
09
0=
1>
1!
1*
0V
1a
b0101001001000101010000010100010001000001010000110100101100110001 P
b001100000011101001001001010001000100110001000101 Q
1Z
#3377
0`
#3380
0a
#3382
1`
#3385
b00000000000000000011 /
1B
1&
1a
1'
0)
#3387
0`
#3390
0a
#3392
1`
#3395
b00000000000000000010 /
1a
1(
#3397
0`
#3400
0a
#3402
1`
#3405
b00000000000000000001 /
0&
1a
0'
0(
#3407
0`
#3410
0a
#3412
1`
#3415
b00000000000000000000 /
1&
1a
1'
19
1.
#3417
0`
#3420
0a
#3422
1`
#3425
b00000000000000000100 /
00
11
1=
16
0>
1a
09
b01001001010001000100110001000101 P
0!
0Z
0[
1E
1(
1G
1;
0*
1J
0W
0.
#3427
0`
#3430
0a
#3432
1`
#3435
1I
b00000000000000000010000111111111 %
0&
1a
0'
0(
0B
#3437
0`
#3440
0a
#3442
1`
#3445
1&
1a
1'
#3447
0`
#3450
0a
#3452
1`
#3455
1a
1(
#3457
0`
#3460
0a
#3462
1`
#3465
1_
1a
1,
1A
0(
1"
#3467
0`
#3470
0a
#3472
1`
#3475
1a
1(
#3477
0`
#3480
0a
#3482
1`
#3485
1a
b00000000000000000000001000000000 $
0(
1)
#3487
0`
#3490
0a
#3492
1`
#3495
b0111 R
1S
10
01
0E
1(
0G
1:
15
06
b00000000 7
0J
1a
19
b0011000100110001001110100101001001000101010000010100010000110000 Q
#3497
0`
#3500
0a
#3502
1`
#3505
b00000000000000000011 /
0,
05
0_
b0111 8
1a
b0101001001000101010000010100010000110000 P
0A
b0011000100110010001110100101001001000101010000010100010000110001 Q
09
0"
b0000 R
0S
b00000000000000000000000000000000 %
0&
0'
0(
0:
0I
0;
1V
1W
#3507
0`
#3510
0a
#3512
1`
#3515
b00000000000000000010 /
1a
#3517
0`
#3520
0a
#3522
1`
#3525
b00000000000000000001 /
1a
#3527
0`
#3530
0a
#3532
1`
#3535
b00000000000000000000 /
1a
19
1.
#3537
0`
#3540
0a
#3542
1`
#3545
b00000000000000000100 /
1]
09
0=
1>
1!
1*
0V
1a
b0101001001000101010000010100010000110001 P
b0011000100110011001110100101001001000101010000010100010000110010 Q
0.
#3547
0`
#3550
0a
#3552
1`
#3555
b00000000000000000011 /
1a
1B
#3557
0`
#3560
0a
#3562
1`
#3565
b00000000000000000010 /
1a
#3567
0`
#3570
0a
#3572
1`
#3575
b00000000000000000001 /
1a
#3577
0`
#3580
0a
#3582
1`
#3585
b00000000000000000000 /
1a
19
1.
#3587
0`
#3590
0a
#3592
1`
#3595
b00000000000000000100 /
b0110 R
1S
0]
09
1=
0>
1Y
0!
0*
1V
1a
b0101001001000101010000010100010000110010 P
b0011000100110010001110100101001001000101010000010100010000110001 Q
0.
#3597
0`
#3600
0a
#3602
1`
#3605
b00000000000000000011 /
1a
0B
#3607
0`
#3610
0a
#3612
1`
#3615
b00000000000000000010 /
1a
#3617
0`
#3620
0a
#3622
1`
#3625
b00000000000000000001 /
1a
#3627
0`
#3630
0a
#3632
1`
#3635
b00000000000000000000 /
1a
19
1.
#3637
0`
#3640
0a
#3642
1`
#3645
b00000000000000000100 /
b0000 R
0S
0V
1]
09
0=
1>
0Y
1!
1*
b0110 8
1a
b0101001001000101010000010100010000110001 P
b0011000100110011001110100101001001000101010000010100010000110010 Q
0.
#3647
0`
#3650
0a
#3652
1`
#3655
b00000000000000000011 /
1a
1B
#3657
0`
#3660
0a
#3662
1`
#3665
b00000000000000000010 /
1a
#3667
0`
#3670
0a
#3672
1`
#3675
b00000000000000000001 /
1a
#3677
0`
#3680
0a
#3682
1`
#3685
b00000000000000000000 /
1a
19
1.
#3687
0`
#3690
0a
#3692
1`
#3695
b00000000000000000100 /
b0101 R
1S
0]
09
1=
0>
1Y
0!
0*
1V
1a
b0101001001000101010000010100010000110010 P
b0011000100110010001110100101001001000101010000010100010000110001 Q
0.
#3697
0`
#3700
0a
#3702
1`
#3705
b00000000000000000011 /
1a
0B
#3707
0`
#3710
0a
#3712
1`
#3715
b00000000000000000010 /
1a
#3717
0`
#3720
0a
#3722
1`
#3725
b00000000000000000001 /
1a
#3727
0`
#3730
0a
#3732
1`
#3735
b00000000000000000000 /
1a
19
1.
#3737
0`
#3740
0a
#3742
1`
#3745
b00000000000000000100 /
b0000 R
0S
0V
1]
09
0=
1>
0Y
1!
1*
b0101 8
1a
b0101001001000101010000010100010000110001 P
b0011000100110011001110100101001001000101010000010100010000110010 Q
0.
#3747
0`
#3750
0a
#3752
1`
#3755
b00000000000000000011 /
1a
1B
#3757
0`
#3760
0a
#3762
1`
#3765
b00000000000000000010 /
1a
#3767
0`
#3770
0a
#3772
1`
#3775
b00000000000000000001 /
1a
#3777
0`
#3780
0a
#3782
1`
#3785
b00000000000000000000 /
1a
19
1.
#3787
0`
#3790
0a
#3792
1`
#3795
b00000000000000000100 /
b0100 R
1S
0]
09
1=
0>
1Y
0!
0*
1V
1a
b0101001001000101010000010100010000110010 P
b0011000100110010001110100101001001000101010000010100010000110001 Q
0.
#3797
0`
#3800
0a
#3802
1`
#3805
b00000000000000000011 /
1_
1a
1,
1A
0B
1"
#3807
0`
#3810
0a
#3812
1`
#3815
b00000000000000000010 /
1a
#3817
0`
#3820
0a
#3822
1`
#3825
b00000000000000000001 /
1a
#3827
0`
#3830
0a
#3832
1`
#3835
b00000000000000000000 /
1a
19
1.
#3837
0`
#3840
0a
#3842
1`
#3845
b00000000000000000100 /
b0000 R
0S
1\
0V
1]
09
0=
1>
0Y
1!
1*
b0100 8
1a
b0101001001000101010000010100010000110001 P
b0011000100110011001110100101001001000101010000010100010000110010 Q
0.
#3847
0`
#3850
0a
#3852
1`
#3855
b00000000000000000011 /
1a
1B
#3857
0`
#3860
0a
#3862
1`
#3865
b00000000000000000010 /
1a
#3867
0`
#3870
0a
#3872
1`
#3875
b00000000000000000001 /
1a
#3877
0`
#3880
0a
#3882
1`
#3885
b00000000000000000000 /
1a
19
1.
#3887
0`
#3890
0a
#3892
1`
#3895
b00000000000000000100 /
b0011 R
1S
0\
0]
09
1=
b0000001 X
0>
b00000001 7
1Y
0*
0!
1V
1a
b0101001001000101010000010100010000110010 P
b0011000100110010001110100101001001000101010000010100010000110001 Q
0.
#3897
0`
#3900
0a
#3902
1`
#3905
b00000000000000000011 /
1a
b00000000000000000000000000000001 %
0B
#3907
0`
#3910
0a
#3912
1`
#3915
b00000000000000000010 /
1a
#3917
0`
#3920
0a
#3922
1`
#3925
b00000000000000000001 /
1a
#3927
0`
#3930
0a
#3932
1`
#3935
b00000000000000000000 /
1a
19
1.
#3937
0`
#3940
0a
#3942
1`
#3945
b00000000000000000100 /
0=
b0000000 X
1>
b00000011 7
0Y
b0011 8
1a
b0101001001000101010000010100010000110001 P
09
b0011000100110011001110100101001001000101010000010100010000110010 Q
1!
b0000 R
0S
1\
1]
1*
0V
0.
#3947
0`
#3950
0a
#3952
1`
#3955
b00000000000000000011 /
1a
b00000000000000000000000000000011 %
1B
#3957
0`
#3960
0a
#3962
1`
#3965
b00000000000000000010 /
1a
#3967
0`
#3970
0a
#3972
1`
#3975
b00000000000000000001 /
1a
#3977
0`
#3980
0a
#3982
1`
#3985
b00000000000000000000 /
1a
19
1.
#3987
0`
#3990
0a
#3992
1`
#3995
b00000000000000000100 /
b0010 R
1S
0\
0]
09
1=
b0000011 X
0>
1Y
0!
0*
1V
1a
b0101001001000101010000010100010000110010 P
b0011000100110010001110100101001001000101010000010100010000110001 Q
0.
#3997
0`
#4000
0a
#4002
1`
#4005
b00000000000000000011 /
0_
1a
0,
0A
0B
0"
#4007
0`
#4010
0a
#4012
1`
#4015
b00000000000000000010 /
1a
#4017
0`
#4020
0a
#4022
1`
#4025
b00000000000000000001 /
1a
#4027
0`
#4030
0a
#4032
1`
#4035
b00000000000000000000 /
1a
19
1.
#4037
0`
#4040
0a
#4042
1`
#4045
b00000000000000000100 /
b0000 R
0S
0V
1]
09
0=
b0000000 X
1>
b00000111 7
0Y
1*
1!
b0010 8
1a
b0101001001000101010000010100010000110001 P
b0011000100110011001110100101001001000101010000010100010000110010 Q
0.
#4047
0`
#4050
0a
#4052
1`
#4055
b00000000000000000011 /
1a
b00000000000000000000000000000111 %
1B
#4057
0`
#4060
0a
#4062
1`
#4065
b00000000000000000010 /
1a
#4067
0`
#4070
0a
#4072
1`
#4075
b00000000000000000001 /
1a
#4077
0`
#4080
0a
#4082
1`
#4085
b00000000000000000000 /
1a
19
1.
#4087
0`
#4090
0a
#4092
1`
#4095
b00000000000000000100 /
b0001 R
1S
0]
09
1=
b0000110 X
0>
b00000110 7
1Y
0*
0!
1V
1a
b0101001001000101010000010100010000110010 P
b0011000100110010001110100101001001000101010000010100010000110001 Q
0.
#4097
0`
#4100
0a
#4102
1`
#4105
b00000000000000000011 /
1a
b00000000000000000000000000000110 %
0B
#4107
0`
#4110
0a
#4112
1`
#4115
b00000000000000000010 /
1a
#4117
0`
#4120
0a
#4122
1`
#4125
b00000000000000000001 /
1a
#4127
0`
#4130
0a
#4132
1`
#4135
b00000000000000000000 /
1a
19
1.
#4137
0`
#4140
0a
#4142
1`
#4145
b00000000000000000100 /
b0000 R
0S
0V
1]
09
0=
b0000000 X
1>
b00001100 7
0Y
1*
1!
b0001 8
1a
b0101001001000101010000010100010000110001 P
b0011000100110011001110100101001001000101010000010100010000110010 Q
0.
#4147
0`
#4150
0a
#4152
1`
#4155
b00000000000000000011 /
1a
b00000000000000000000000000001100 %
1B
#4157
0`
#4160
0a
#4162
1`
#4165
b00000000000000000010 /
1a
#4167
0`
#4170
0a
#4172
1`
#4175
b00000000000000000001 /
1a
#4177
0`
#4180
0a
#4182
1`
#4185
b00000000000000000000 /
1a
19
1.
#4187
0`
#4190
0a
#4192
1`
#4195
b00000000000000000100 /
1S
0]
09
1=
b0001100 X
0>
1Y
0!
0*
1V
1a
b0101001001000101010000010100010000110010 P
b0011000100110010001110100101001001000101010000010100010000110001 Q
0.
#4197
0`
#4200
0a
#4202
1`
#4205
b00000000000000000011 /
1a
0B
#4207
0`
#4210
0a
#4212
1`
#4215
b00000000000000000010 /
1a
#4217
0`
#4220
0a
#4222
1`
#4225
b00000000000000000001 /
1a
#4227
0`
#4230
0a
#4232
1`
#4235
b00000000000000000000 /
1a
19
1.
#4237
0`
#4240
0a
#4242
1`
#4245
b00000000000000000100 /
0=
b0000000 X
1>
b00011000 7
0Y
b0000 8
1a
b0101001001000101010000010100010000110001 P
09
b001100010011010000111010010101110101001001001001010101000100010101000001010000110100101100110000 Q
1!
0S
1]
1T
1U
1*
0V
0.
#4247
0`
#4250
0a
#4252
1`
#4255
b00000000000000000011 /
1a
b00000000000000000000000000011000 %
1B
#4257
0`
#4260
0a
#4262
1`
#4265
b00000000000000000010 /
1a
#4267
0`
#4270
0a
#4272
1`
#4275
b00000000000000000001 /
1a
#4277
0`
#4280
0a
#4282
1`
#4285
b00000000000000000000 /
1a
19
1.
#4287
0`
#4290
0a
#4292
1`
#4295
b00000000000000000100 /
0]
09
0T
1=
0U
0>
0!
0*
1V
1a
b010101110101001001001001010101000100010101000001010000110100101100110000 P
b001100010011010100111010010101110101001001001001010101000100010101000001010000110100101100110001 Q
0.
#4297
0`
#4300
0a
#4302
1`
#4305
b00000000000000000011 /
1&
1'
0)
1_
1a
1,
1A
0B
1"
#4307
0`
#4310
0a
#4312
1`
#4315
b00000000000000000010 /
1a
1(
#4317
0`
#4320
0a
#4322
1`
#4325
b00000000000000000001 /
0&
1a
0'
0(
#4327
0`
#4330
0a
#4332
1`
#4335
b00000000000000000000 /
1a
19
1.
#4337
0`
#4340
0a
#4342
1`
#4345
b00000000000000000100 /
09
1T
0=
1U
1>
1!
1*
0V
1a
b010101110101001001001001010101000100010101000001010000110100101100110001 P
b001100000011101001001001010001000100110001000101 Q
0.
#4347
0`
#4350
0a
#4352
1`
#4355
b00000000000000000011 /
1&
1a
1'
1B
#4357
0`
#4360
0a
#4362
1`
#4365
b00000000000000000010 /
1a
1(
#4367
0`
#4370
0a
#4372
1`
#4375
b00000000000000000001 /
0&
1a
0'
0(
#4377
0`
#4380
0a
#4382
1`
#4385
b00000000000000000000 /
1&
1a
1'
19
1.
#4387
0`
#4390
0a
#4392
1`
#4395
b00000000000000000100 /
00
11
1=
0>
1a
09
b01001001010001000100110001000101 P
0!
1E
1(
1G
0T
0U
1;
0*
1J
0W
0.
#4397
0`
#4400
0a
#4402
1`
#4405
1I
b00000000000000000010000000011000 %
0&
1a
0'
0(
0B
#4407
0`
#4410
0a
#4412
1`
#4415
1&
1a
1'
#4417
0`
#4420
0a
#4422
1`
#4425
1a
1(
#4427
0`
#4430
0a
#4432
1`
#4435
1a
b00000000000000000000100000000000 $
0(
1)
#4437
0`
#4440
0a
#4442
1`
#4445
10
01
0E
12
1(
0G
1:
b00000000 7
0J
1a
19
b00110010001110100101001001000101010100110101010001000001010100100101010000110000 Q
#4447
0`
#4450
0a
#4452
1`
#4455
b00000000000000000011 /
b00000000000000000000000000000000 %
0&
02
0'
0(
09
1T
0:
0I
1U
0;
1a
b0101001001000101010100110101010001000001010100100101010000110000 P
b00110011001110100101001001000101010100110101010001000001010100100101010000110001 Q
#4457
0`
#4460
0a
#4462
1`
#4465
b00000000000000000010 /
1a
#4467
0`
#4470
0a
#4472
1`
#4475
b00000000000000000001 /
1a
#4477
0`
#4480
0a
#4482
1`
#4485
b00000000000000000000 /
1a
19
1.
#4487
0`
#4490
0a
#4492
1`
#4495
b00000000000000000100 /
09
0T
0U
1W
1V
1a
b0101001001000101010100110101010001000001010100100101010000110001 P
b0011000100111010010100110101010001000001010100100101010000110000 Q
0.
#4497
0`
#4500
0a
#4502
1`
#4505
b00000000000000000011 /
1a
#4507
0`
#4510
0a
#4512
1`
#4515
b00000000000000000010 /
1a
#4517
0`
#4520
0a
#4522
1`
#4525
b00000000000000000001 /
1a
#4527
0`
#4530
0a
#4532
1`
#4535
b00000000000000000000 /
1a
19
1.
#4537
0`
#4540
0a
#4542
1`
#4545
b00000000000000000100 /
09
0=
1U
0W
1>
1!
1*
0V
1a
b010100110101010001000001010100100101010000110000 P
b001100000011101001001001010001000100110001000101 Q
0.
#4547
0`
#4550
0a
#4552
1`
#4555
b00000000000000000011 /
1a
1B
#4557
0`
#4560
0a
#4562
1`
#4565
b00000000000000000010 /
1a
#4567
0`
#4570
0a
#4572
1`
#4575
b00000000000000000001 /
1a
#4577
0`
#4580
0a
#4582
1`
#4585
b00000000000000000000 /
1a
19
1.
#4587
0`
#4590
0a
#4592
1`
#4595
b00000000000000000100 /
00
11
1E
1@
0,
09
1G
0U
1;
1J
0+
1a
b01001001010001000100110001000101 P
0A
0.
0"
#4597
0`
#4600
0a
#4602
1`
#4605
1C
1I
b00000000000000000010000000000000 %
1&
1a
1'
0)
#4607
0`
#4610
0a
#4612
1`
#4615
1a
1(
#4617
0`
#4620
0a
#4622
1`
#4625
1a
b00000000000000000000010000100010 $
0(
1)
#4627
0`
#4630
0a
#4632
1`
#4635
b1000 R
1S
10
01
0E
1(
0G
14
1:
b00100010 7
0J
1a
19
b0011011100111010010101110101001001001001010101000100010100110000 Q
#4637
0`
#4640
0a
#4642
1`
#4645
b00000000000000000011 /
b0000 R
0S
b00000000000000000000000000100010 %
0&
0'
0(
09
04
0:
0I
1U
1W
0;
b1000 8
1a
b010101110101001001001001010101000100010100110000 P
b0011100000111010010101110101001001001001010101000100010100110001 Q
#4647
0`
#4650
0a
#4652
1`
#4655
b00000000000000000010 /
1a
#4657
0`
#4660
0a
#4662
1`
#4665
b00000000000000000001 /
1a
#4667
0`
#4670
0a
#4672
1`
#4675
b00000000000000000000 /
1a
19
1.
#4677
0`
#4680
0a
#4682
1`
#4685
b00000000000000000100 /
b0111 R
1S
09
1=
0U
b0100010 X
0>
1Y
0!
0*
1V
1a
b010101110101001001001001010101000100010100110001 P
b0011011100111010010101110101001001001001010101000100010100110000 Q
0.
#4687
0`
#4690
0a
#4692
1`
#4695
b00000000000000000011 /
1a
0B
#4697
0`
#4700
0a
#4702
1`
#4705
b00000000000000000010 /
1a
#4707
0`
#4710
0a
#4712
1`
#4715
b00000000000000000001 /
1a
#4717
0`
#4720
0a
#4722
1`
#4725
b00000000000000000000 /
1a
19
1.
#4727
0`
#4730
0a
#4732
1`
#4735
b00000000000000000100 /
b0000 R
0S
0V
09
0=
1U
b0000000 X
1>
b01000100 7
0Y
1*
1!
b0111 8
1a
b010101110101001001001001010101000100010100110000 P
b0011100000111010010101110101001001001001010101000100010100110001 Q
0.
#4737
0`
#4740
0a
#4742
1`
#4745
b00000000000000000011 /
1a
b00000000000000000000000001000100 %
1B
#4747
0`
#4750
0a
#4752
1`
#4755
b00000000000000000010 /
1a
#4757
0`
#4760
0a
#4762
1`
#4765
b00000000000000000001 /
1a
#4767
0`
#4770
0a
#4772
1`
#4775
b00000000000000000000 /
1a
19
1.
#4777
0`
#4780
0a
#4782
1`
#4785
b00000000000000000100 /
b0110 R
1S
09
1=
0U
b1000100 X
0>
1Y
0!
0*
1V
1a
b010101110101001001001001010101000100010100110001 P
b0011011100111010010101110101001001001001010101000100010100110000 Q
0.
#4787
0`
#4790
0a
#4792
1`
#4795
b00000000000000000011 /
1a
0B
#4797
0`
#4800
0a
#4802
1`
#4805
b00000000000000000010 /
1a
#4807
0`
#4810
0a
#4812
1`
#4815
b00000000000000000001 /
1a
#4817
0`
#4820
0a
#4822
1`
#4825
b00000000000000000000 /
1a
19
1.
#4827
0`
#4830
0a
#4832
1`
#4835
b00000000000000000100 /
0=
b0000000 X
1>
b10001000 7
0Y
b0110 8
1a
b010101110101001001001001010101000100010100110000 P
09
b0011100000111010010101110101001001001001010101000100010100110001 Q
1!
b0000 R
0S
1T
1U
1*
0V
0.
#4837
0`
#4840
0a
#4842
1`
#4845
b00000000000000000011 /
1a
b00000000000000000000000010001000 %
1B
#4847
0`
#4850
0a
#4852
1`
#4855
b00000000000000000010 /
1a
#4857
0`
#4860
0a
#4862
1`
#4865
b00000000000000000001 /
1a
#4867
0`
#4870
0a
#4872
1`
#4875
b00000000000000000000 /
1a
19
1.
#4877
0`
#4880
0a
#4882
1`
#4885
b00000000000000000100 /
b0101 R
1S
1V
09
0T
1=
0U
b0001000 X
0>
1Y
0!
0*
1+
1a
b010101110101001001001001010101000100010100110001 P
b0011011100111010010101110101001001001001010101000100010100110000 Q
0.
#4887
0`
#4890
0a
#4892
1`
#4895
b00000000000000000011 /
1a
0@
1A
1,
0B
1"
#4897
0`
#4900
0a
#4902
1`
#4905
0C
1a
b00000000000000000010 /
#4907
0`
#4910
0a
#4912
1`
#4915
b00000000000000000001 /
1a
#4917
0`
#4920
0a
#4922
1`
#4925
b00000000000000000000 /
1a
19
1.
#4927
0`
#4930
0a
#4932
1`
#4935
b00000000000000000100 /
b0000 R
0S
0V
09
0=
1U
b0000000 X
1>
b00010000 7
0Y
1*
1!
b0101 8
1a
b010101110101001001001001010101000100010100110000 P
b0011100000111010010101110101001001001001010101000100010100110001 Q
0.
#4937
0`
#4940
0a
#4942
1`
#4945
b00000000000000000011 /
1a
b00000000000000000000000000010000 %
1B
#4947
0`
#4950
0a
#4952
1`
#4955
b00000000000000000010 /
1a
#4957
0`
#4960
0a
#4962
1`
#4965
b00000000000000000001 /
1a
#4967
0`
#4970
0a
#4972
1`
#4975
b00000000000000000000 /
1a
19
1.
#4977
0`
#4980
0a
#4982
1`
#4985
b00000000000000000100 /
b0100 R
1S
1V
09
1=
0U
b0010000 X
0>
1Y
0!
0*
0+
1a
b010101110101001001001001010101000100010100110001 P
b0011011100111010010101110101001001001001010101000100010100110000 Q
0.
#4987
0`
#4990
0a
#4992
1`
#4995
b00000000000000000011 /
1a
1@
0A
0,
0B
0"
#4997
0`
#5000
0a
#5002
1`
#5005
1C
1a
b00000000000000000010 /
#5007
0`
#5010
0a
#5012
1`
#5015
b00000000000000000001 /
1a
#5017
0`
#5020
0a
#5022
1`
#5025
b00000000000000000000 /
1a
19
1.
#5027
0`
#5030
0a
#5032
1`
#5035
b00000000000000000100 /
b0000 R
0S
0V
09
0=
1U
b0000000 X
1>
b00100000 7
0Y
1*
1!
b0100 8
1a
b010101110101001001001001010101000100010100110000 P
b0011100000111010010101110101001001001001010101000100010100110001 Q
0.
#5037
0`
#5040
0a
#5042
1`
#5045
b00000000000000000011 /
1a
b00000000000000000000000000100000 %
1B
#5047
0`
#5050
0a
#5052
1`
#5055
b00000000000000000010 /
1a
#5057
0`
#5060
0a
#5062
1`
#5065
b00000000000000000001 /
1a
#5067
0`
#5070
0a
#5072
1`
#5075
b00000000000000000000 /
1a
19
1.
#5077
0`
#5080
0a
#5082
1`
#5085
b00000000000000000100 /
b0011 R
1S
09
1=
0U
b0100000 X
0>
1Y
0!
0*
1V
1a
b010101110101001001001001010101000100010100110001 P
b0011011100111010010101110101001001001001010101000100010100110000 Q
0.
#5087
0`
#5090
0a
#5092
1`
#5095
b00000000000000000011 /
1a
0B
#5097
0`
#5100
0a
#5102
1`
#5105
b00000000000000000010 /
1a
#5107
0`
#5110
0a
#5112
1`
#5115
b00000000000000000001 /
1a
#5117
0`
#5120
0a
#5122
1`
#5125
b00000000000000000000 /
1a
19
1.
#5127
0`
#5130
0a
#5132
1`
#5135
b00000000000000000100 /
b0000 R
0S
0V
09
0=
1U
b0000000 X
1>
b01000000 7
0Y
1*
1!
b0011 8
1a
b010101110101001001001001010101000100010100110000 P
b0011100000111010010101110101001001001001010101000100010100110001 Q
0.
#5137
0`
#5140
0a
#5142
1`
#5145
b00000000000000000011 /
1a
b00000000000000000000000001000000 %
1B
#5147
0`
#5150
0a
#5152
1`
#5155
b00000000000000000010 /
1a
#5157
0`
#5160
0a
#5162
1`
#5165
b00000000000000000001 /
1a
#5167
0`
#5170
0a
#5172
1`
#5175
b00000000000000000000 /
1a
19
1.
#5177
0`
#5180
0a
#5182
1`
#5185
b00000000000000000100 /
b0010 R
1S
09
1=
0U
b1000000 X
0>
1Y
0!
0*
1V
1a
b010101110101001001001001010101000100010100110001 P
b0011011100111010010101110101001001001001010101000100010100110000 Q
0.
#5187
0`
#5190
0a
#5192
1`
#5195
b00000000000000000011 /
1a
0B
#5197
0`
#5200
0a
#5202
1`
#5205
b00000000000000000010 /
1a
#5207
0`
#5210
0a
#5212
1`
#5215
b00000000000000000001 /
1a
#5217
0`
#5220
0a
#5222
1`
#5225
b00000000000000000000 /
1a
19
1.
#5227
0`
#5230
0a
#5232
1`
#5235
b00000000000000000100 /
0=
b0000000 X
1>
b10000000 7
0Y
b0010 8
1a
b010101110101001001001001010101000100010100110000 P
09
b0011100000111010010101110101001001001001010101000100010100110001 Q
1!
b0000 R
0S
1T
1U
1*
0V
0.
#5237
0`
#5240
0a
#5242
1`
#5245
b00000000000000000011 /
1a
b00000000000000000000000010000000 %
1B
#5247
0`
#5250
0a
#5252
1`
#5255
b00000000000000000010 /
1a
#5257
0`
#5260
0a
#5262
1`
#5265
b00000000000000000001 /
1a
#5267
0`
#5270
0a
#5272
1`
#5275
b00000000000000000000 /
1a
19
1.
#5277
0`
#5280
0a
#5282
1`
#5285
b00000000000000000100 /
b0001 R
1S
1V
09
0T
1=
0U
0>
1Y
0!
0*
1+
1a
b010101110101001001001001010101000100010100110001 P
b0011011100111010010101110101001001001001010101000100010100110000 Q
0.
#5287
0`
#5290
0a
#5292
1`
#5295
b00000000000000000011 /
1a
0@
1A
1,
0B
1"
#5297
0`
#5300
0a
#5302
1`
#5305
0C
1a
b00000000000000000010 /
#5307
0`
#5310
0a
#5312
1`
#5315
b00000000000000000001 /
1a
#5317
0`
#5320
0a
#5322
1`
#5325
b00000000000000000000 /
1a
19
1.
#5327
0`
#5330
0a
#5332
1`
#5335
b00000000000000000100 /
b0000 R
0S
0V
09
0=
1U
1>
b00000000 7
0Y
1*
1!
b0001 8
1a
b010101110101001001001001010101000100010100110000 P
b0011100000111010010101110101001001001001010101000100010100110001 Q
0.
#5337
0`
#5340
0a
#5342
1`
#5345
b00000000000000000011 /
1a
b00000000000000000000000000000000 %
1B
#5347
0`
#5350
0a
#5352
1`
#5355
b00000000000000000010 /
1a
#5357
0`
#5360
0a
#5362
1`
#5365
b00000000000000000001 /
1a
#5367
0`
#5370
0a
#5372
1`
#5375
b00000000000000000000 /
1a
19
1.
#5377
0`
#5380
0a
#5382
1`
#5385
b00000000000000000100 /
1S
1V
09
1=
0U
0>
1Y
0!
0*
0+
1a
b010101110101001001001001010101000100010100110001 P
b0011011100111010010101110101001001001001010101000100010100110000 Q
0.
#5387
0`
#5390
0a
#5392
1`
#5395
b00000000000000000011 /
1a
1@
0A
0,
0B
0"
#5397
0`
#5400
0a
#5402
1`
#5405
1C
1a
b00000000000000000010 /
#5407
0`
#5410
0a
#5412
1`
#5415
b00000000000000000001 /
1a
#5417
0`
#5420
0a
#5422
1`
#5425
b00000000000000000000 /
1a
19
1.
#5427
0`
#5430
0a
#5432
1`
#5435
b00000000000000000100 /
0S
0V
09
1T
0=
1U
1>
0Y
1!
1*
b0000 8
1a
b010101110101001001001001010101000100010100110000 P
b00111001001110100101001001000101010000010100010001000001010000110100101100110000 Q
0.
#5437
0`
#5440
0a
#5442
1`
#5445
b00000000000000000011 /
1a
1B
#5447
0`
#5450
0a
#5452
1`
#5455
b00000000000000000010 /
1a
#5457
0`
#5460
0a
#5462
1`
#5465
b00000000000000000001 /
1a
#5467
0`
#5470
0a
#5472
1`
#5475
b00000000000000000000 /
1a
19
1.
#5477
0`
#5480
0a
#5482
1`
#5485
b00000000000000000100 /
1V
09
0T
1=
0U
0>
0!
0*
1+
1a
b0101001001000101010000010100010001000001010000110100101100110000 P
b0011000100110000001110100101001001000101010000010100010001000001010000110100101100110001 Q
0.
#5487
0`
#5490
0a
#5492
1`
#5495
b00000000000000000011 /
1a
0@
1A
1,
0B
1"
#5497
0`
#5500
0a
#5502
1`
#5505
0C
b00000000000000000010 /
0_
1a
0,
0A
0"
#5507
0`
#5510
0a
#5512
1`
#5515
b00000000000000000001 /
1a
#5517
0`
#5520
0a
#5522
1`
#5525
b00000000000000000000 /
1a
19
1.
#5527
0`
#5530
0a
#5532
1`
#5535
b00000000000000000100 /
1[
0.
09
0=
1>
1!
1*
0V
1a
b0101001001000101010000010100010001000001010000110100101100110001 P
b001100000011101001001001010001000100110001000101 Q
1Z
#5537
0`
#5540
0a
#5542
1`
#5545
b00000000000000000011 /
1B
1&
1a
1'
0)
#5547
0`
#5550
0a
#5552
1`
#5555
b00000000000000000010 /
1a
1(
#5557
0`
#5560
0a
#5562
1`
#5565
b00000000000000000001 /
0&
1a
0'
0(
#5567
0`
#5570
0a
#5572
1`
#5575
b00000000000000000000 /
1&
1a
1'
19
1.
#5577
0`
#5580
0a
#5582
1`
#5585
b00000000000000000100 /
00
11
1=
16
0>
1a
09
b01001001010001000100110001000101 P
0!
0Z
0[
1E
1(
1G
1;
0*
1J
0W
0.
#5587
0`
#5590
0a
#5592
1`
#5595
1I
b00000000000000000010000100000000 %
0&
1a
0'
0(
0B
#5597
0`
#5600
0a
#5602
1`
#5605
1&
1a
1'
#5607
0`
#5610
0a
#5612
1`
#5615
1a
1(
#5617
0`
#5620
0a
#5622
1`
#5625
1_
1a
1,
1A
0(
1"
#5627
0`
#5630
0a
#5632
1`
#5635
1a
1(
#5637
0`
#5640
0a
#5642
1`
#5645
1a
b00000000000000000000010000010000 $
0(
1)
#5647
0`
#5650
0a
#5652
1`
#5655
b1000 R
1S
10
01
0E
1(
0G
14
1:
06
b00010000 7
0J
1a
19
b0011011100111010010101110101001001001001010101000100010100110000 Q
#5657
0`
#5660
0a
#5662
1`
#5665
b00000000000000000011 /
b0000 R
0S
b00000000000000000000000000010000 %
0&
0'
0(
09
04
0:
0I
1U
1W
0;
b1000 8
1a
b010101110101001001001001010101000100010100110000 P
b0011100000111010010101110101001001001001010101000100010100110001 Q
#5667
0`
#5670
0a
#5672
1`
#5675
b00000000000000000010 /
1a
#5677
0`
#5680
0a
#5682
1`
#5685
b00000000000000000001 /
1a
#5687
0`
#5690
0a
#5692
1`
#5695
b00000000000000000000 /
1a
19
1.
#5697
0`
#5700
0a
#5702
1`
#5705
b00000000000000000100 /
b0111 R
1S
1V
1@
0,
09
0U
b0010000 X
1Y
0+
1a
b010101110101001001001001010101000100010100110001 P
0A
b0011011100111010010101110101001001001001010101000100010100110000 Q
0.
0"
#5707
0`
#5710
0a
#5712
1`
#5715
1C
1a
b00000000000000000011 /
#5717
0`
#5720
0a
#5722
1`
#5725
b00000000000000000010 /
1a
#5727
0`
#5730
0a
#5732
1`
#5735
b00000000000000000001 /
1a
#5737
0`
#5740
0a
#5742
1`
#5745
b00000000000000000000 /
1a
19
1.
#5747
0`
#5750
0a
#5752
1`
#5755
b00000000000000000100 /
b0000 R
0S
0V
09
0=
1U
b0000000 X
1>
b00100000 7
0Y
1*
1!
b0111 8
1a
b010101110101001001001001010101000100010100110000 P
b0011100000111010010101110101001001001001010101000100010100110001 Q
0.
#5757
0`
#5760
0a
#5762
1`
#5765
b00000000000000000011 /
1a
b00000000000000000000000000100000 %
1B
#5767
0`
#5770
0a
#5772
1`
#5775
b00000000000000000010 /
1a
#5777
0`
#5780
0a
#5782
1`
#5785
b00000000000000000001 /
1a
#5787
0`
#5790
0a
#5792
1`
#5795
b00000000000000000000 /
1a
19
1.
#5797
0`
#5800
0a
#5802
1`
#5805
b00000000000000000100 /
b0110 R
1S
09
1=
0U
b0100000 X
0>
1Y
0!
0*
1V
1a
b010101110101001001001001010101000100010100110001 P
b0011011100111010010101110101001001001001010101000100010100110000 Q
0.
#5807
0`
#5810
0a
#5812
1`
#5815
b00000000000000000011 /
1a
0B
#5817
0`
#5820
0a
#5822
1`
#5825
b00000000000000000010 /
1a
#5827
0`
#5830
0a
#5832
1`
#5835
b00000000000000000001 /
1a
#5837
0`
#5840
0a
#5842
1`
#5845
b00000000000000000000 /
1a
19
1.
#5847
0`
#5850
0a
#5852
1`
#5855
b00000000000000000100 /
b0000 R
0S
0V
09
0=
1U
b0000000 X
1>
b01000000 7
0Y
1*
1!
b0110 8
1a
b010101110101001001001001010101000100010100110000 P
b0011100000111010010101110101001001001001010101000100010100110001 Q
0.
#5857
0`
#5860
0a
#5862
1`
#5865
b00000000000000000011 /
1a
b00000000000000000000000001000000 %
1B
#5867
0`
#5870
0a
#5872
1`
#5875
b00000000000000000010 /
1a
#5877
0`
#5880
0a
#5882
1`
#5885
b00000000000000000001 /
1a
#5887
0`
#5890
0a
#5892
1`
#5895
b00000000000000000000 /
1a
19
1.
#5897
0`
#5900
0a
#5902
1`
#5905
b00000000000000000100 /
b0101 R
1S
09
1=
0U
b1000000 X
0>
1Y
0!
0*
1V
1a
b010101110101001001001001010101000100010100110001 P
b0011011100111010010101110101001001001001010101000100010100110000 Q
0.
#5907
0`
#5910
0a
#5912
1`
#5915
b00000000000000000011 /
1a
0B
#5917
0`
#5920
0a
#5922
1`
#5925
b00000000000000000010 /
1a
#5927
0`
#5930
0a
#5932
1`
#5935
b00000000000000000001 /
1a
#5937
0`
#5940
0a
#5942
1`
#5945
b00000000000000000000 /
1a
19
1.
#5947
0`
#5950
0a
#5952
1`
#5955
b00000000000000000100 /
0=
b0000000 X
1>
b10000000 7
0Y
b0101 8
1a
b010101110101001001001001010101000100010100110000 P
09
b0011100000111010010101110101001001001001010101000100010100110001 Q
1!
b0000 R
0S
1T
1U
1*
0V
0.
#5957
0`
#5960
0a
#5962
1`
#5965
b00000000000000000011 /
1a
b00000000000000000000000010000000 %
1B
#5967
0`
#5970
0a
#5972
1`
#5975
b00000000000000000010 /
1a
#5977
0`
#5980
0a
#5982
1`
#5985
b00000000000000000001 /
1a
#5987
0`
#5990
0a
#5992
1`
#5995
b00000000000000000000 /
1a
19
1.
#5997
0`
#6000
0a
#6002
1`
#6005
b00000000000000000100 /
b0100 R
1S
1V
09
0T
1=
0U
0>
1Y
0!
0*
1+
1a
b010101110101001001001001010101000100010100110001 P
b0011011100111010010101110101001001001001010101000100010100110000 Q
0.
#6007
0`
#6010
0a
#6012
1`
#6015
b00000000000000000011 /
1a
0@
1A
1,
0B
1"
#6017
0`
#6020
0a
#6022
1`
#6025
0C
1a
b00000000000000000010 /
#6027
0`
#6030
0a
#6032
1`
#6035
b00000000000000000001 /
1a
#6037
0`
#6040
0a
#6042
1`
#6045
b00000000000000000000 /
1a
19
1.
#6047
0`
#6050
0a
#6052
1`
#6055
b00000000000000000100 /
b0000 R
0S
0V
09
0=
1U
1>
b00000000 7
0Y
1*
1!
b0100 8
1a
b010101110101001001001001010101000100010100110000 P
b0011100000111010010101110101001001001001010101000100010100110001 Q
0.
#6057
0`
#6060
0a
#6062
1`
#6065
b00000000000000000011 /
1a
b00000000000000000000000000000000 %
1B
#6067
0`
#6070
0a
#6072
1`
#6075
b00000000000000000010 /
1a
#6077
0`
#6080
0a
#6082
1`
#6085
b00000000000000000001 /
1a
#6087
0`
#6090
0a
#6092
1`
#6095
b00000000000000000000 /
1a
19
1.
#6097
0`
#6100
0a
#6102
1`
#6105
b00000000000000000100 /
b0011 R
1S
1V
09
1=
0U
0>
1Y
0!
0*
0+
1a
b010101110101001001001001010101000100010100110001 P
b0011011100111010010101110101001001001001010101000100010100110000 Q
0.
#6107
0`
#6110
0a
#6112
1`
#6115
b00000000000000000011 /
1a
1@
0A
0,
0B
0"
#6117
0`
#6120
0a
#6122
1`
#6125
1C
1a
b00000000000000000010 /
#6127
0`
#6130
0a
#6132
1`
#6135
b00000000000000000001 /
1a
#6137
0`
#6140
0a
#6142
1`
#6145
b00000000000000000000 /
1a
19
1.
#6147
0`
#6150
0a
#6152
1`
#6155
b00000000000000000100 /
b0000 R
0S
0V
09
0=
1U
1>
0Y
1!
1*
b0011 8
1a
b010101110101001001001001010101000100010100110000 P
b0011100000111010010101110101001001001001010101000100010100110001 Q
0.
#6157
0`
#6160
0a
#6162
1`
#6165
b00000000000000000011 /
1a
1B
#6167
0`
#6170
0a
#6172
1`
#6175
b00000000000000000010 /
1a
#6177
0`
#6180
0a
#6182
1`
#6185
b00000000000000000001 /
1a
#6187
0`
#6190
0a
#6192
1`
#6195
b00000000000000000000 /
1a
19
1.
#6197
0`
#6200
0a
#6202
1`
#6205
b00000000000000000100 /
b0010 R
1S
09
1=
0U
0>
1Y
0!
0*
1V
1a
b010101110101001001001001010101000100010100110001 P
b0011011100111010010101110101001001001001010101000100010100110000 Q
0.
#6207
0`
#6210
0a
#6212
1`
#6215
b00000000000000000011 /
1a
0B
#6217
0`
#6220
0a
#6222
1`
#6225
b00000000000000000010 /
1a
#6227
0`
#6230
0a
#6232
1`
#6235
b00000000000000000001 /
1a
#6237
0`
#6240
0a
#6242
1`
#6245
b00000000000000000000 /
1a
19
1.
#6247
0`
#6250
0a
#6252
1`
#6255
b00000000000000000100 /
b0000 R
0S
0V
09
0=
1U
1>
0Y
1!
1*
b0010 8
1a
b010101110101001001001001010101000100010100110000 P
b0011100000111010010101110101001001001001010101000100010100110001 Q
0.
#6257
0`
#6260
0a
#6262
1`
#6265
b00000000000000000011 /
1a
1B
#6267
0`
#6270
0a
#6272
1`
#6275
b00000000000000000010 /
1a
#6277
0`
#6280
0a
#6282
1`
#6285
b00000000000000000001 /
1a
#6287
0`
#6290
0a
#6292
1`
#6295
b00000000000000000000 /
1a
19
1.
#6297
0`
#6300
0a
#6302
1`
#6305
b00000000000000000100 /
b0001 R
1S
09
1=
0U
0>
1Y
0!
0*
1V
1a
b010101110101001001001001010101000100010100110001 P
b0011011100111010010101110101001001001001010101000100010100110000 Q
0.
#6307
0`
#6310
0a
#6312
1`
#6315
b00000000000000000011 /
1a
0B
#6317
0`
#6320
0a
#6322
1`
#6325
b00000000000000000010 /
1a
#6327
0`
#6330
0a
#6332
1`
#6335
b00000000000000000001 /
1a
#6337
0`
#6340
0a
#6342
1`
#6345
b00000000000000000000 /
1a
19
1.
#6347
0`
#6350
0a
#6352
1`
#6355
b00000000000000000100 /
b0000 R
0S
0V
09
0=
1U
1>
0Y
1!
1*
b0001 8
1a
b010101110101001001001001010101000100010100110000 P
b0011100000111010010101110101001001001001010101000100010100110001 Q
0.
#6357
0`
#6360
0a
#6362
1`
#6365
b00000000000000000011 /
1a
1B
#6367
0`
#6370
0a
#6372
1`
#6375
b00000000000000000010 /
1a
#6377
0`
#6380
0a
#6382
1`
#6385
b00000000000000000001 /
1a
#6387
0`
#6390
0a
#6392
1`
#6395
b00000000000000000000 /
1a
19
1.
#6397
0`
#6400
0a
#6402
1`
#6405
b00000000000000000100 /
1S
09
1=
0U
0>
1Y
0!
0*
1V
1a
b010101110101001001001001010101000100010100110001 P
b0011011100111010010101110101001001001001010101000100010100110000 Q
0.
#6407
0`
#6410
0a
#6412
1`
#6415
b00000000000000000011 /
1a
0B
#6417
0`
#6420
0a
#6422
1`
#6425
b00000000000000000010 /
1a
#6427
0`
#6430
0a
#6432
1`
#6435
b00000000000000000001 /
1a
#6437
0`
#6440
0a
#6442
1`
#6445
b00000000000000000000 /
1a
19
1.
#6447
0`
#6450
0a
#6452
1`
#6455
b00000000000000000100 /
0S
0V
09
1T
0=
1U
1>
0Y
1!
1*
b0000 8
1a
b010101110101001001001001010101000100010100110000 P
b00111001001110100101001001000101010000010100010001000001010000110100101100110000 Q
0.
#6457
0`
#6460
0a
#6462
1`
#6465
b00000000000000000011 /
1a
1B
#6467
0`
#6470
0a
#6472
1`
#6475
b00000000000000000010 /
1a
#6477
0`
#6480
0a
#6482
1`
#6485
b00000000000000000001 /
1a
#6487
0`
#6490
0a
#6492
1`
#6495
b00000000000000000000 /
1a
19
1.
#6497
0`
#6500
0a
#6502
1`
#6505
b00000000000000000100 /
1V
09
0T
1=
0U
0>
0!
0*
1+
1a
b0101001001000101010000010100010001000001010000110100101100110000 P
b0011000100110000001110100101001001000101010000010100010001000001010000110100101100110001 Q
0.
#6507
0`
#6510
0a
#6512
1`
#6515
b00000000000000000011 /
1a
0@
1A
1,
0B
1"
#6517
0`
#6520
0a
#6522
1`
#6525
0C
b00000000000000000010 /
0_
1a
0,
0A
0"
#6527
0`
#6530
0a
#6532
1`
#6535
b00000000000000000001 /
1a
#6537
0`
#6540
0a
#6542
1`
#6545
b00000000000000000000 /
1a
19
1.
#6547
0`
#6550
0a
#6552
1`
#6555
b00000000000000000100 /
1[
0.
09
0=
1>
1!
1*
0V
1a
b0101001001000101010000010100010001000001010000110100101100110001 P
b001100000011101001001001010001000100110001000101 Q
1Z
#6557
0`
#6560
0a
#6562
1`
#6565
b00000000000000000011 /
1B
1&
1a
1'
0)
#6567
0`
#6570
0a
#6572
1`
#6575
b00000000000000000010 /
1a
1(
#6577
0`
#6580
0a
#6582
1`
#6585
b00000000000000000001 /
0&
1a
0'
0(
#6587
0`
#6590
0a
#6592
1`
#6595
b00000000000000000000 /
1&
1a
1'
19
1.
#6597
0`
#6600
0a
#6602
1`
#6605
b00000000000000000100 /
00
11
1=
16
0>
1a
09
b01001001010001000100110001000101 P
0!
0Z
0[
1E
1(
1G
1;
0*
1J
0W
0.
#6607
0`
#6610
0a
#6612
1`
#6615
1I
b00000000000000000010000100000000 %
0&
1a
0'
0(
0B
#6617
0`
#6620
0a
#6622
1`
#6625
1&
1a
1'
#6627
0`
#6630
0a
#6632
1`
#6635
1a
1(
#6637
0`
#6640
0a
#6642
1`
#6645
1_
1a
1,
1A
0(
1"
#6647
0`
#6650
0a
#6652
1`
#6655
1a
1(
#6657
0`
#6660
0a
#6662
1`
#6665
1a
b00000000000000000000010000000000 $
0(
1)
#6667
0`
#6670
0a
#6672
1`
#6675
b1000 R
1S
10
01
0E
1(
0G
14
1:
06
0J
1a
19
b0011011100111010010101110101001001001001010101000100010100110000 Q
#6677
0`
#6680
0a
#6682
1`
#6685
b00000000000000000011 /
b0000 R
0S
b00000000000000000000000000000000 %
0&
0'
0(
09
04
0:
0I
1U
1W
0;
b1000 8
1a
b010101110101001001001001010101000100010100110000 P
b0011100000111010010101110101001001001001010101000100010100110001 Q
#6687
0`
#6690
0a
#6692
1`
#6695
b00000000000000000010 /
1a
#6697
0`
#6700
0a
#6702
1`
#6705
b00000000000000000001 /
1a
#6707
0`
#6710
0a
#6712
1`
#6715
b00000000000000000000 /
1a
19
1.
#6717
0`
#6720
0a
#6722
1`
#6725
b00000000000000000100 /
b0111 R
1S
1V
1@
0,
09
0U
1Y
0+
1a
b010101110101001001001001010101000100010100110001 P
0A
b0011011100111010010101110101001001001001010101000100010100110000 Q
0.
0"
#6727
0`
#6730
0a
#6732
1`
#6735
1C
1a
b00000000000000000011 /
#6737
0`
#6740
0a
#6742
1`
#6745
b00000000000000000010 /
1a
#6747
0`
#6750
0a
#6752
1`
#6755
b00000000000000000001 /
1a
#6757
0`
#6760
0a
#6762
1`
#6765
b00000000000000000000 /
1a
19
1.
#6767
0`
#6770
0a
#6772
1`
#6775
b00000000000000000100 /
b0000 R
0S
0V
09
0=
1U
1>
0Y
1!
1*
b0111 8
1a
b010101110101001001001001010101000100010100110000 P
b0011100000111010010101110101001001001001010101000100010100110001 Q
0.
#6777
0`
#6780
0a
#6782
1`
#6785
b00000000000000000011 /
1a
1B
#6787
0`
#6790
0a
#6792
1`
#6795
b00000000000000000010 /
1a
#6797
0`
#6800
0a
#6802
1`
#6805
b00000000000000000001 /
1a
#6807
0`
#6810
0a
#6812
1`
#6815
b00000000000000000000 /
1a
19
1.
#6817
0`
#6820
0a
#6822
1`
#6825
b00000000000000000100 /
b0110 R
1S
09
1=
0U
0>
1Y
0!
0*
1V
1a
b010101110101001001001001010101000100010100110001 P
b0011011100111010010101110101001001001001010101000100010100110000 Q
0.
#6827
0`
#6830
0a
#6832
1`
#6835
b00000000000000000011 /
1a
0B
#6837
0`
#6840
0a
#6842
1`
#6845
b00000000000000000010 /
1a
#6847
0`
#6850
0a
#6852
1`
#6855
b00000000000000000001 /
1a
#6857
0`
#6860
0a
#6862
1`
#6865
b00000000000000000000 /
1a
19
1.
#6867
0`
#6870
0a
#6872
1`
#6875
b00000000000000000100 /
b0000 R
0S
0V
09
0=
1U
1>
0Y
1!
1*
b0110 8
1a
b010101110101001001001001010101000100010100110000 P
b0011100000111010010101110101001001001001010101000100010100110001 Q
0.
#6877
0`
#6880
0a
#6882
1`
#6885
b00000000000000000011 /
1a
1B
#6887
0`
#6890
0a
#6892
1`
#6895
b00000000000000000010 /
1a
#6897
0`
#6900
0a
#6902
1`
#6905
b00000000000000000001 /
1a
#6907
0`
#6910
0a
#6912
1`
#6915
b00000000000000000000 /
1a
19
1.
#6917
0`
#6920
0a
#6922
1`
#6925
b00000000000000000100 /
b0101 R
1S
09
1=
0U
0>
1Y
0!
0*
1V
1a
b010101110101001001001001010101000100010100110001 P
b0011011100111010010101110101001001001001010101000100010100110000 Q
0.
#6927
0`
#6930
0a
#6932
1`
#6935
b00000000000000000011 /
1a
0B
#6937
0`
#6940
0a
#6942
1`
#6945
b00000000000000000010 /
1a
#6947
0`
#6950
0a
#6952
1`
#6955
b00000000000000000001 /
1a
#6957
0`
#6960
0a
#6962
1`
#6965
b00000000000000000000 /
1a
19
1.
#6967
0`
#6970
0a
#6972
1`
#6975
b00000000000000000100 /
b0000 R
0S
0V
09
0=
1U
1>
0Y
1!
1*
b0101 8
1a
b010101110101001001001001010101000100010100110000 P
b0011100000111010010101110101001001001001010101000100010100110001 Q
0.
#6977
0`
#6980
0a
#6982
1`
#6985
b00000000000000000011 /
1a
1B
#6987
0`
#6990
0a
#6992
1`
#6995
b00000000000000000010 /
1a
#6997
0`
#7000
0a
#7002
1`
#7005
b00000000000000000001 /
1a
#7007
0`
#7010
0a
#7012
1`
#7015
b00000000000000000000 /
1a
19
1.
#7017
0`
#7020
0a
#7022
1`
#7025
b00000000000000000100 /
b0100 R
1S
09
1=
0U
0>
1Y
0!
0*
1V
1a
b010101110101001001001001010101000100010100110001 P
b0011011100111010010101110101001001001001010101000100010100110000 Q
0.
#7027
0`
#7030
0a
#7032
1`
#7035
b00000000000000000011 /
1a
0B
#7037
0`
#7040
0a
#7042
1`
#7045
b00000000000000000010 /
1a
#7047
0`
#7050
0a
#7052
1`
#7055
b00000000000000000001 /
1a
#7057
0`
#7060
0a
#7062
1`
#7065
b00000000000000000000 /
1a
19
1.
#7067
0`
#7070
0a
#7072
1`
#7075
b00000000000000000100 /
b0000 R
0S
0V
09
0=
1U
1>
0Y
1!
1*
b0100 8
1a
b010101110101001001001001010101000100010100110000 P
b0011100000111010010101110101001001001001010101000100010100110001 Q
0.
#7077
0`
#7080
0a
#7082
1`
#7085
b00000000000000000011 /
1a
1B
#7087
0`
#7090
0a
#7092
1`
#7095
b00000000000000000010 /
1a
#7097
0`
#7100
0a
#7102
1`
#7105
b00000000000000000001 /
1a
#7107
0`
#7110
0a
#7112
1`
#7115
b00000000000000000000 /
1a
19
1.
#7117
0`
#7120
0a
#7122
1`
#7125
b00000000000000000100 /
b0011 R
1S
09
1=
0U
0>
1Y
0!
0*
1V
1a
b010101110101001001001001010101000100010100110001 P
b0011011100111010010101110101001001001001010101000100010100110000 Q
0.
#7127
0`
#7130
0a
#7132
1`
#7135
b00000000000000000011 /
1a
0B
#7137
0`
#7140
0a
#7142
1`
#7145
b00000000000000000010 /
1a
#7147
0`
#7150
0a
#7152
1`
#7155
b00000000000000000001 /
1a
#7157
0`
#7160
0a
#7162
1`
#7165
b00000000000000000000 /
1a
19
1.
#7167
0`
#7170
0a
#7172
1`
#7175
b00000000000000000100 /
b0000 R
0S
0V
09
0=
1U
1>
0Y
1!
1*
b0011 8
1a
b010101110101001001001001010101000100010100110000 P
b0011100000111010010101110101001001001001010101000100010100110001 Q
0.
#7177
0`
#7180
0a
#7182
1`
#7185
b00000000000000000011 /
1a
1B
#7187
0`
#7190
0a
#7192
1`
#7195
b00000000000000000010 /
1a
#7197
0`
#7200
0a
#7202
1`
#7205
b00000000000000000001 /
1a
#7207
0`
#7210
0a
#7212
1`
#7215
b00000000000000000000 /
1a
19
1.
#7217
0`
#7220
0a
#7222
1`
#7225
b00000000000000000100 /
b0010 R
1S
09
1=
0U
0>
1Y
0!
0*
1V
1a
b010101110101001001001001010101000100010100110001 P
b0011011100111010010101110101001001001001010101000100010100110000 Q
0.
#7227
0`
#7230
0a
#7232
1`
#7235
b00000000000000000011 /
1a
0B
#7237
0`
#7240
0a
#7242
1`
#7245
b00000000000000000010 /
1a
#7247
0`
#7250
0a
#7252
1`
#7255
b00000000000000000001 /
1a
#7257
0`
#7260
0a
#7262
1`
#7265
b00000000000000000000 /
1a
19
1.
#7267
0`
#7270
0a
#7272
1`
#7275
b00000000000000000100 /
b0000 R
0S
0V
09
0=
1U
1>
0Y
1!
1*
b0010 8
1a
b010101110101001001001001010101000100010100110000 P
b0011100000111010010101110101001001001001010101000100010100110001 Q
0.
#7277
0`
#7280
0a
#7282
1`
#7285
b00000000000000000011 /
1a
1B
#7287
0`
#7290
0a
#7292
1`
#7295
b00000000000000000010 /
1a
#7297
0`
#7300
0a
#7302
1`
#7305
b00000000000000000001 /
1a
#7307
0`
#7310
0a
#7312
1`
#7315
b00000000000000000000 /
1a
19
1.
#7317
0`
#7320
0a
#7322
1`
#7325
b00000000000000000100 /
b0001 R
1S
09
1=
0U
0>
1Y
0!
0*
1V
1a
b010101110101001001001001010101000100010100110001 P
b0011011100111010010101110101001001001001010101000100010100110000 Q
0.
#7327
0`
#7330
0a
#7332
1`
#7335
b00000000000000000011 /
1a
0B
#7337
0`
#7340
0a
#7342
1`
#7345
b00000000000000000010 /
1a
#7347
0`
#7350
0a
#7352
1`
#7355
b00000000000000000001 /
1a
#7357
0`
#7360
0a
#7362
1`
#7365
b00000000000000000000 /
1a
19
1.
#7367
0`
#7370
0a
#7372
1`
#7375
b00000000000000000100 /
b0000 R
0S
0V
09
0=
1U
1>
0Y
1!
1*
b0001 8
1a
b010101110101001001001001010101000100010100110000 P
b0011100000111010010101110101001001001001010101000100010100110001 Q
0.
#7377
0`
#7380
0a
#7382
1`
#7385
b00000000000000000011 /
1a
1B
#7387
0`
#7390
0a
#7392
1`
#7395
b00000000000000000010 /
1a
#7397
0`
#7400
0a
#7402
1`
#7405
b00000000000000000001 /
1a
#7407
0`
#7410
0a
#7412
1`
#7415
b00000000000000000000 /
1a
19
1.
#7417
0`
#7420
0a
#7422
1`
#7425
b00000000000000000100 /
1S
09
1=
0U
0>
1Y
0!
0*
1V
1a
b010101110101001001001001010101000100010100110001 P
b0011011100111010010101110101001001001001010101000100010100110000 Q
0.
#7427
0`
#7430
0a
#7432
1`
#7435
b00000000000000000011 /
1a
0B
#7437
0`
#7440
0a
#7442
1`
#7445
b00000000000000000010 /
1a
#7447
0`
#7450
0a
#7452
1`
#7455
b00000000000000000001 /
1a
#7457
0`
#7460
0a
#7462
1`
#7465
b00000000000000000000 /
1a
19
1.
#7467
0`
#7470
0a
#7472
1`
#7475
b00000000000000000100 /
0S
0V
09
1T
0=
1U
1>
0Y
1!
1*
b0000 8
1a
b010101110101001001001001010101000100010100110000 P
b00111001001110100101001001000101010000010100010001000001010000110100101100110000 Q
0.
#7477
0`
#7480
0a
#7482
1`
#7485
b00000000000000000011 /
1a
1B
#7487
0`
#7490
0a
#7492
1`
#7495
b00000000000000000010 /
1a
#7497
0`
#7500
0a
#7502
1`
#7505
b00000000000000000001 /
1a
#7507
0`
#7510
0a
#7512
1`
#7515
b00000000000000000000 /
1a
19
1.
#7517
0`
#7520
0a
#7522
1`
#7525
b00000000000000000100 /
1V
09
0T
1=
0U
0>
0!
0*
1+
1a
b0101001001000101010000010100010001000001010000110100101100110000 P
b0011000100110000001110100101001001000101010000010100010001000001010000110100101100110001 Q
0.
#7527
0`
#7530
0a
#7532
1`
#7535
b00000000000000000011 /
1a
0@
1A
1,
0B
1"
#7537
0`
#7540
0a
#7542
1`
#7545
0C
b00000000000000000010 /
0_
1a
0,
0A
0"
#7547
0`
#7550
0a
#7552
1`
#7555
b00000000000000000001 /
1a
#7557
0`
#7560
0a
#7562
1`
#7565
b00000000000000000000 /
1a
19
1.
#7567
0`
#7570
0a
#7572
1`
#7575
b00000000000000000100 /
1[
0.
09
0=
1>
1!
1*
0V
1a
b0101001001000101010000010100010001000001010000110100101100110001 P
b001100000011101001001001010001000100110001000101 Q
1Z
#7577
0`
#7580
0a
#7582
1`
#7585
b00000000000000000011 /
1B
1&
1a
1'
0)
#7587
0`
#7590
0a
#7592
1`
#7595
b00000000000000000010 /
1a
1(
#7597
0`
#7600
0a
#7602
1`
#7605
b00000000000000000001 /
0&
1a
0'
0(
#7607
0`
#7610
0a
#7612
1`
#7615
b00000000000000000000 /
1&
1a
1'
19
1.
#7617
0`
#7620
0a
#7622
1`
#7625
b00000000000000000100 /
00
11
1=
16
0>
1a
09
b01001001010001000100110001000101 P
0!
0Z
0[
1E
1(
1G
1;
0*
1J
0W
0.
#7627
0`
#7630
0a
#7632
1`
#7635
1I
b00000000000000000010000100000000 %
0&
1a
0'
0(
0B
#7637
0`
#7640
0a
#7642
1`
#7645
1&
1a
1'
#7647
0`
#7650
0a
#7652
1`
#7655
1a
1(
#7657
0`
#7660
0a
#7662
1`
#7665
1_
1a
1,
1A
0(
1"
#7667
0`
#7670
0a
#7672
1`
#7675
1a
1(
#7677
0`
#7680
0a
#7682
1`
#7685
1a
b00000000000000000001000000000000 $
0(
1)
#7687
0`
#7690
0a
#7692
1`
#7695
10
01
0E
1(
13
0G
1:
06
0J
1a
19
b00110100001110100101001101010100010011110101000000110000 Q
#7697
0`
#7700
0a
#7702
1`
#7705
b00000000000000000011 /
b00000000000000000000000000000000 %
0&
0'
0(
03
09
0:
0I
1U
0;
1a
b0101001101010100010011110101000000110000 P
b00110101001110100101001101010100010011110101000000110001 Q
#7707
0`
#7710
0a
#7712
1`
#7715
b00000000000000000010 /
1a
#7717
0`
#7720
0a
#7722
1`
#7725
b00000000000000000001 /
1a
#7727
0`
#7730
0a
#7732
1`
#7735
b00000000000000000000 /
1a
19
1.
#7737
0`
#7740
0a
#7742
1`
#7745
b00000000000000000100 /
1V
1@
0,
09
0U
1W
0+
1a
b0101001101010100010011110101000000110001 P
0A
b00110110001110100101001101010100010011110101000000110010 Q
0.
0"
#7747
0`
#7750
0a
#7752
1`
#7755
1C
1a
b00000000000000000011 /
#7757
0`
#7760
0a
#7762
1`
#7765
b00000000000000000010 /
1a
#7767
0`
#7770
0a
#7772
1`
#7775
b00000000000000000001 /
1a
#7777
0`
#7780
0a
#7782
1`
#7785
b00000000000000000000 /
1a
19
1.
#7787
0`
#7790
0a
#7792
1`
#7795
b00000000000000000100 /
09
1T
0=
1U
0W
1>
1!
1*
0V
1a
b0101001101010100010011110101000000110010 P
b001100000011101001001001010001000100110001000101 Q
0.
#7797
0`
#7800
0a
#7802
1`
#7805
b00000000000000000011 /
1a
1B
#7807
0`
#7810
0a
#7812
1`
#7815
b00000000000000000010 /
1a
#7817
0`
#7820
0a
#7822
1`
#7825
b00000000000000000001 /
1a
#7827
0`
#7830
0a
#7832
1`
#7835
b00000000000000000000 /
1a
19
1.
#7837
0`
#7840
0a
#7842
1`
#7845
b00000000000000000100 /
00
11
1E
0@
1,
09
0T
1G
0U
1;
1J
1+
1a
b01001001010001000100110001000101 P
1A
0.
1"
#7847
0`
#7850
0a
#7852
1`
#7855
0C
1I
b00000000000000000010000000000000 %
1&
1a
1'
0)
#7857
0`
#7860
0a
#7862
1`
#7865
1a
1(
#7867
0`
#7870
0a
#7872
1`
#7875
1a
b00000000000000000000100000000000 $
0(
1)
#7877
0`
#7880
0a
#7882
1`
#7885
10
01
0E
12
1(
0G
1:
0J
1a
19
b0011000100111010010100110101010001000001010100100101010000110000 Q
#7887
0`
#7890
0a
#7892
1`
#7895
b00000000000000000011 /
b00000000000000000000000000000000 %
0&
02
0'
0(
09
0:
0I
1U
0;
1a
b010100110101010001000001010100100101010000110000 P
b001100000011101001001001010001000100110001000101 Q
#7897
0`
#7900
0a
#7902
1`
#7905
b00000000000000000010 /
1a
#7907
0`
#7910
0a
#7912
1`
#7915
b00000000000000000001 /
1a
#7917
0`
#7920
0a
#7922
1`
#7925
b00000000000000000000 /
1a
19
1.
#7927
0`
#7930
0a
#7932
1`
#7935
b00000000000000000100 /
00
11
1E
1@
0,
09
1G
0U
1;
1J
0+
1a
b01001001010001000100110001000101 P
0A
0.
0"
#7937
0`
#7940
0a
#7942
1`
#7945
1C
1I
b00000000000000000010000000000000 %
1&
1a
1'
0)
#7947
0`
#7950
0a
#7952
1`
#7955
1a
1(
#7957
0`
#7960
0a
#7962
1`
#7965
1a
b00000000000000000000010000100011 $
0(
1)
#7967
0`
#7970
0a
#7972
1`
#7975
b1000 R
1S
10
01
0E
1(
0G
14
1:
b00100011 7
0J
1a
19
b0011011100111010010101110101001001001001010101000100010100110000 Q
#7977
0`
#7980
0a
#7982
1`
#7985
b00000000000000000011 /
b0000 R
0S
b00000000000000000000000000100011 %
0&
0'
0(
09
04
0:
0I
1U
1W
0;
b1000 8
1a
b010101110101001001001001010101000100010100110000 P
b0011100000111010010101110101001001001001010101000100010100110001 Q
#7987
0`
#7990
0a
#7992
1`
#7995
b00000000000000000010 /
1a
#7997
0`
#8000
0a
#8002
1`
#8005
b00000000000000000001 /
1a
#8007
0`
#8010
0a
#8012
1`
#8015
b00000000000000000000 /
1a
19
1.
#8017
0`
#8020
0a
#8022
1`
#8025
b00000000000000000100 /
b0111 R
1S
09
1=
0U
b0100011 X
0>
1Y
0!
0*
1V
1a
b010101110101001001001001010101000100010100110001 P
b0011011100111010010101110101001001001001010101000100010100110000 Q
0.
#8027
0`
#8030
0a
#8032
1`
#8035
b00000000000000000011 /
1a
0B
#8037
0`
#8040
0a
#8042
1`
#8045
b00000000000000000010 /
1a
#8047
0`
#8050
0a
#8052
1`
#8055
b00000000000000000001 /
1a
#8057
0`
#8060
0a
#8062
1`
#8065
b00000000000000000000 /
1a
19
1.
#8067
0`
#8070
0a
#8072
1`
#8075
b00000000000000000100 /
b0000 R
0S
0V
09
0=
1U
b0000000 X
1>
b01000111 7
0Y
1*
1!
b0111 8
1a
b010101110101001001001001010101000100010100110000 P
b0011100000111010010101110101001001001001010101000100010100110001 Q
0.
#8077
0`
#8080
0a
#8082
1`
#8085
b00000000000000000011 /
1a
b00000000000000000000000001000111 %
1B
#8087
0`
#8090
0a
#8092
1`
#8095
b00000000000000000010 /
1a
#8097
0`
#8100
0a
#8102
1`
#8105
b00000000000000000001 /
1a
#8107
0`
#8110
0a
#8112
1`
#8115
b00000000000000000000 /
1a
19
1.
#8117
0`
#8120
0a
#8122
1`
#8125
b00000000000000000100 /
b0110 R
1S
09
1=
0U
b1000111 X
0>
1Y
0!
0*
1V
1a
b010101110101001001001001010101000100010100110001 P
b0011011100111010010101110101001001001001010101000100010100110000 Q
0.
#8127
0`
#8130
0a
#8132
1`
#8135
b00000000000000000011 /
1a
0B
#8137
0`
#8140
0a
#8142
1`
#8145
b00000000000000000010 /
1a
#8147
0`
#8150
0a
#8152
1`
#8155
b00000000000000000001 /
1a
#8157
0`
#8160
0a
#8162
1`
#8165
b00000000000000000000 /
1a
19
1.
#8167
0`
#8170
0a
#8172
1`
#8175
b00000000000000000100 /
0=
b0000000 X
1>
b10001111 7
0Y
b0110 8
1a
b010101110101001001001001010101000100010100110000 P
09
b0011100000111010010101110101001001001001010101000100010100110001 Q
1!
b0000 R
0S
1T
1U
1*
0V
0.
#8177
0`
#8180
0a
#8182
1`
#8185
b00000000000000000011 /
1a
b00000000000000000000000010001111 %
1B
#8187
0`
#8190
0a
#8192
1`
#8195
b00000000000000000010 /
1a
#8197
0`
#8200
0a
#8202
1`
#8205
b00000000000000000001 /
1a
#8207
0`
#8210
0a
#8212
1`
#8215
b00000000000000000000 /
1a
19
1.
#8217
0`
#8220
0a
#8222
1`
#8225
b00000000000000000100 /
b0101 R
1S
1V
09
0T
1=
0U
b0001111 X
0>
1Y
0!
0*
1+
1a
b010101110101001001001001010101000100010100110001 P
b0011011100111010010101110101001001001001010101000100010100110000 Q
0.
#8227
0`
#8230
0a
#8232
1`
#8235
b00000000000000000011 /
1a
0@
1A
1,
0B
1"
#8237
0`
#8240
0a
#8242
1`
#8245
0C
1a
b00000000000000000010 /
#8247
0`
#8250
0a
#8252
1`
#8255
b00000000000000000001 /
1a
#8257
0`
#8260
0a
#8262
1`
#8265
b00000000000000000000 /
1a
19
1.
#8267
0`
#8270
0a
#8272
1`
#8275
b00000000000000000100 /
b0000 R
0S
0V
09
0=
1U
b0000000 X
1>
b00011111 7
0Y
1*
1!
b0101 8
1a
b010101110101001001001001010101000100010100110000 P
b0011100000111010010101110101001001001001010101000100010100110001 Q
0.
#8277
0`
#8280
0a
#8282
1`
#8285
b00000000000000000011 /
1a
b00000000000000000000000000011111 %
1B
#8287
0`
#8290
0a
#8292
1`
#8295
b00000000000000000010 /
1a
#8297
0`
#8300
0a
#8302
1`
#8305
b00000000000000000001 /
1a
#8307
0`
#8310
0a
#8312
1`
#8315
b00000000000000000000 /
1a
19
1.
#8317
0`
#8320
0a
#8322
1`
#8325
b00000000000000000100 /
b0100 R
1S
1V
09
1=
0U
b0011111 X
0>
1Y
0!
0*
0+
1a
b010101110101001001001001010101000100010100110001 P
b0011011100111010010101110101001001001001010101000100010100110000 Q
0.
#8327
0`
#8330
0a
#8332
1`
#8335
b00000000000000000011 /
1a
1@
0A
0,
0B
0"
#8337
0`
#8340
0a
#8342
1`
#8345
1C
1a
b00000000000000000010 /
#8347
0`
#8350
0a
#8352
1`
#8355
b00000000000000000001 /
1a
#8357
0`
#8360
0a
#8362
1`
#8365
b00000000000000000000 /
1a
19
1.
#8367
0`
#8370
0a
#8372
1`
#8375
b00000000000000000100 /
b0000 R
0S
0V
09
0=
1U
b0000000 X
1>
b00111111 7
0Y
1*
1!
b0100 8
1a
b010101110101001001001001010101000100010100110000 P
b0011100000111010010101110101001001001001010101000100010100110001 Q
0.
#8377
0`
#8380
0a
#8382
1`
#8385
b00000000000000000011 /
1a
b00000000000000000000000000111111 %
1B
#8387
0`
#8390
0a
#8392
1`
#8395
b00000000000000000010 /
1a
#8397
0`
#8400
0a
#8402
1`
#8405
b00000000000000000001 /
1a
#8407
0`
#8410
0a
#8412
1`
#8415
b00000000000000000000 /
1a
19
1.
#8417
0`
#8420
0a
#8422
1`
#8425
b00000000000000000100 /
b0011 R
1S
09
1=
0U
b0111111 X
0>
1Y
0!
0*
1V
1a
b010101110101001001001001010101000100010100110001 P
b0011011100111010010101110101001001001001010101000100010100110000 Q
0.
#8427
0`
#8430
0a
#8432
1`
#8435
b00000000000000000011 /
1a
0B
#8437
0`
#8440
0a
#8442
1`
#8445
b00000000000000000010 /
1a
#8447
0`
#8450
0a
#8452
1`
#8455
b00000000000000000001 /
1a
#8457
0`
#8460
0a
#8462
1`
#8465
b00000000000000000000 /
1a
19
1.
#8467
0`
#8470
0a
#8472
1`
#8475
b00000000000000000100 /
b0000 R
0S
0V
09
0=
1U
b0000000 X
1>
b01111111 7
0Y
1*
1!
b0011 8
1a
b010101110101001001001001010101000100010100110000 P
b0011100000111010010101110101001001001001010101000100010100110001 Q
0.
#8477
0`
#8480
0a
#8482
1`
#8485
b00000000000000000011 /
1a
b00000000000000000000000001111111 %
1B
#8487
0`
#8490
0a
#8492
1`
#8495
b00000000000000000010 /
1a
#8497
0`
#8500
0a
#8502
1`
#8505
b00000000000000000001 /
1a
#8507
0`
#8510
0a
#8512
1`
#8515
b00000000000000000000 /
1a
19
1.
#8517
0`
#8520
0a
#8522
1`
#8525
b00000000000000000100 /
b0010 R
1S
09
1=
0U
b1111111 X
0>
1Y
0!
0*
1V
1a
b010101110101001001001001010101000100010100110001 P
b0011011100111010010101110101001001001001010101000100010100110000 Q
0.
#8527
0`
#8530
0a
#8532
1`
#8535
b00000000000000000011 /
1a
0B
#8537
0`
#8540
0a
#8542
1`
#8545
b00000000000000000010 /
1a
#8547
0`
#8550
0a
#8552
1`
#8555
b00000000000000000001 /
1a
#8557
0`
#8560
0a
#8562
1`
#8565
b00000000000000000000 /
1a
19
1.
#8567
0`
#8570
0a
#8572
1`
#8575
b00000000000000000100 /
0=
b0000000 X
1>
b11111111 7
0Y
b0010 8
1a
b010101110101001001001001010101000100010100110000 P
09
b0011100000111010010101110101001001001001010101000100010100110001 Q
1!
b0000 R
0S
1T
1U
1*
0V
0.
#8577
0`
#8580
0a
#8582
1`
#8585
b00000000000000000011 /
1a
b00000000000000000000000011111111 %
1B
#8587
0`
#8590
0a
#8592
1`
#8595
b00000000000000000010 /
1a
#8597
0`
#8600
0a
#8602
1`
#8605
b00000000000000000001 /
1a
#8607
0`
#8610
0a
#8612
1`
#8615
b00000000000000000000 /
1a
19
1.
#8617
0`
#8620
0a
#8622
1`
#8625
b00000000000000000100 /
b0001 R
1S
1V
09
0T
1=
0U
b1111111 X
0>
1Y
0!
0*
1+
1a
b010101110101001001001001010101000100010100110001 P
b0011011100111010010101110101001001001001010101000100010100110000 Q
0.
#8627
0`
#8630
0a
#8632
1`
#8635
b00000000000000000011 /
1a
0@
1A
1,
0B
1"
#8637
0`
#8640
0a
#8642
1`
#8645
0C
1a
b00000000000000000010 /
#8647
0`
#8650
0a
#8652
1`
#8655
b00000000000000000001 /
1a
#8657
0`
#8660
0a
#8662
1`
#8665
b00000000000000000000 /
1a
19
1.
#8667
0`
#8670
0a
#8672
1`
#8675
b00000000000000000100 /
b0000 R
0S
0V
09
1T
0=
1U
b0000000 X
1>
0Y
1!
1*
b0001 8
1a
b010101110101001001001001010101000100010100110000 P
b0011100000111010010101110101001001001001010101000100010100110001 Q
0.
#8677
0`
#8680
0a
#8682
1`
#8685
b00000000000000000011 /
1a
1B
#8687
0`
#8690
0a
#8692
1`
#8695
b00000000000000000010 /
1a
#8697
0`
#8700
0a
#8702
1`
#8705
b00000000000000000001 /
1a
#8707
0`
#8710
0a
#8712
1`
#8715
b00000000000000000000 /
1a
19
1.
#8717
0`
#8720
0a
#8722
1`
#8725
b00000000000000000100 /
1S
09
0T
1=
0U
b1111111 X
0>
1Y
0!
0*
1V
1a
b010101110101001001001001010101000100010100110001 P
b0011011100111010010101110101001001001001010101000100010100110000 Q
0.
#8727
0`
#8730
0a
#8732
1`
#8735
b00000000000000000011 /
1a
0B
#8737
0`
#8740
0a
#8742
1`
#8745
b00000000000000000010 /
1a
#8747
0`
#8750
0a
#8752
1`
#8755
b00000000000000000001 /
1a
#8757
0`
#8760
0a
#8762
1`
#8765
b00000000000000000000 /
1a
19
1.
#8767
0`
#8770
0a
#8772
1`
#8775
b00000000000000000100 /
0S
0V
09
1T
0=
1U
b0000000 X
1>
0Y
1!
1*
b0000 8
1a
b010101110101001001001001010101000100010100110000 P
b00111001001110100101001001000101010000010100010001000001010000110100101100110000 Q
0.
#8777
0`
#8780
0a
#8782
1`
#8785
b00000000000000000011 /
1a
1B
#8787
0`
#8790
0a
#8792
1`
#8795
b00000000000000000010 /
1a
#8797
0`
#8800
0a
#8802
1`
#8805
b00000000000000000001 /
1a
#8807
0`
#8810
0a
#8812
1`
#8815
b00000000000000000000 /
1a
19
1.
#8817
0`
#8820
0a
#8822
1`
#8825
b00000000000000000100 /
09
0T
1=
0U
0>
0!
0*
1V
1a
b0101001001000101010000010100010001000001010000110100101100110000 P
b0011000100110000001110100101001001000101010000010100010001000001010000110100101100110001 Q
0.
#8827
0`
#8830
0a
#8832
1`
#8835
b00000000000000000011 /
0_
1a
0,
0A
0B
0"
#8837
0`
#8840
0a
#8842
1`
#8845
b00000000000000000010 /
1a
#8847
0`
#8850
0a
#8852
1`
#8855
b00000000000000000001 /
1a
#8857
0`
#8860
0a
#8862
1`
#8865
b00000000000000000000 /
1a
19
1.
#8867
0`
#8870
0a
#8872
1`
#8875
b00000000000000000100 /
1[
0.
09
0=
1>
1!
1*
0V
1a
b0101001001000101010000010100010001000001010000110100101100110001 P
b001100000011101001001001010001000100110001000101 Q
1Z
#8877
0`
#8880
0a
#8882
1`
#8885
b00000000000000000011 /
1B
1&
1a
1'
0)
#8887
0`
#8890
0a
#8892
1`
#8895
b00000000000000000010 /
1a
1(
#8897
0`
#8900
0a
#8902
1`
#8905
b00000000000000000001 /
0&
1a
0'
0(
#8907
0`
#8910
0a
#8912
1`
#8915
b00000000000000000000 /
1&
1a
1'
19
1.
#8917
0`
#8920
0a
#8922
1`
#8925
b00000000000000000100 /
00
11
1=
16
0>
1a
09
b01001001010001000100110001000101 P
0!
0Z
0[
1E
1(
1G
1;
0*
1J
0W
0.
#8927
0`
#8930
0a
#8932
1`
#8935
1I
b00000000000000000010000111111111 %
0&
1a
0'
0(
0B
#8937
0`
#8940
0a
#8942
1`
#8945
1&
1a
1'
#8947
0`
#8950
0a
#8952
1`
#8955
1a
1(
#8957
0`
#8960
0a
#8962
1`
#8965
1_
1a
1,
1A
0(
1"
#8967
0`
#8970
0a
#8972
1`
#8975
1a
1(
#8977
0`
#8980
0a
#8982
1`
#8985
1a
b00000000000000000000001000000000 $
0(
1)
#8987
0`
#8990
0a
#8992
1`
#8995
b0111 R
1S
10
01
0E
1(
0G
1:
15
06
b00000000 7
0J
1a
19
b0011000100110001001110100101001001000101010000010100010000110000 Q
#8997
0`
#9000
0a
#9002
1`
#9005
b00000000000000000011 /
b0000 R
0S
b00000000000000000000000000000000 %
0&
1V
0'
0(
09
0:
05
0I
1W
0;
b0111 8
1a
b0101001001000101010000010100010000110000 P
b0011000100110010001110100101001001000101010000010100010000110001 Q
#9007
0`
#9010
0a
#9012
1`
#9015
b00000000000000000010 /
1a
#9017
0`
#9020
0a
#9022
1`
#9025
b00000000000000000001 /
1a
#9027
0`
#9030
0a
#9032
1`
#9035
b00000000000000000000 /
1a
19
1.
#9037
0`
#9040
0a
#9042
1`
#9045
b00000000000000000100 /
1\
1]
09
0=
1>
1!
1*
0V
1a
b0101001001000101010000010100010000110001 P
b0011000100110011001110100101001001000101010000010100010000110010 Q
0.
#9047
0`
#9050
0a
#9052
1`
#9055
b00000000000000000011 /
1a
1B
#9057
0`
#9060
0a
#9062
1`
#9065
b00000000000000000010 /
1a
#9067
0`
#9070
0a
#9072
1`
#9075
b00000000000000000001 /
1a
#9077
0`
#9080
0a
#9082
1`
#9085
b00000000000000000000 /
1a
19
1.
#9087
0`
#9090
0a
#9092
1`
#9095
b00000000000000000100 /
b0110 R
1S
0\
0]
09
1=
b0000001 X
0>
b00000001 7
1Y
0*
0!
1V
1a
b0101001001000101010000010100010000110010 P
b0011000100110010001110100101001001000101010000010100010000110001 Q
0.
#9097
0`
#9100
0a
#9102
1`
#9105
b00000000000000000011 /
b00000000000000000000000000000001 %
0_
1a
0,
0A
0B
0"
#9107
0`
#9110
0a
#9112
1`
#9115
b00000000000000000010 /
1a
#9117
0`
#9120
0a
#9122
1`
#9125
b00000000000000000001 /
1a
#9127
0`
#9130
0a
#9132
1`
#9135
b00000000000000000000 /
1a
19
1.
#9137
0`
#9140
0a
#9142
1`
#9145
b00000000000000000100 /
b0000 R
0S
0V
1]
09
0=
b0000000 X
1>
b00000011 7
0Y
1*
1!
b0110 8
1a
b0101001001000101010000010100010000110001 P
b0011000100110011001110100101001001000101010000010100010000110010 Q
0.
#9147
0`
#9150
0a
#9152
1`
#9155
b00000000000000000011 /
1a
b00000000000000000000000000000011 %
1B
#9157
0`
#9160
0a
#9162
1`
#9165
b00000000000000000010 /
1a
#9167
0`
#9170
0a
#9172
1`
#9175
b00000000000000000001 /
1a
#9177
0`
#9180
0a
#9182
1`
#9185
b00000000000000000000 /
1a
19
1.
#9187
0`
#9190
0a
#9192
1`
#9195
b00000000000000000100 /
b0101 R
1S
0]
09
1=
b0000010 X
0>
b00000010 7
1Y
0*
0!
1V
1a
b0101001001000101010000010100010000110010 P
b0011000100110010001110100101001001000101010000010100010000110001 Q
0.
#9197
0`
#9200
0a
#9202
1`
#9205
b00000000000000000011 /
1a
b00000000000000000000000000000010 %
0B
#9207
0`
#9210
0a
#9212
1`
#9215
b00000000000000000010 /
1a
#9217
0`
#9220
0a
#9222
1`
#9225
b00000000000000000001 /
1a
#9227
0`
#9230
0a
#9232
1`
#9235
b00000000000000000000 /
1a
19
1.
#9237
0`
#9240
0a
#9242
1`
#9245
b00000000000000000100 /
b0000 R
0S
0V
1]
09
0=
b0000000 X
1>
b00000100 7
0Y
1*
1!
b0101 8
1a
b0101001001000101010000010100010000110001 P
b0011000100110011001110100101001001000101010000010100010000110010 Q
0.
#9247
0`
#9250
0a
#9252
1`
#9255
b00000000000000000011 /
1a
b00000000000000000000000000000100 %
1B
#9257
0`
#9260
0a
#9262
1`
#9265
b00000000000000000010 /
1a
#9267
0`
#9270
0a
#9272
1`
#9275
b00000000000000000001 /
1a
#9277
0`
#9280
0a
#9282
1`
#9285
b00000000000000000000 /
1a
19
1.
#9287
0`
#9290
0a
#9292
1`
#9295
b00000000000000000100 /
b0100 R
1S
0]
09
1=
b0000100 X
0>
1Y
0!
0*
1V
1a
b0101001001000101010000010100010000110010 P
b0011000100110010001110100101001001000101010000010100010000110001 Q
0.
#9297
0`
#9300
0a
#9302
1`
#9305
b00000000000000000011 /
1a
0B
#9307
0`
#9310
0a
#9312
1`
#9315
b00000000000000000010 /
1a
#9317
0`
#9320
0a
#9322
1`
#9325
b00000000000000000001 /
1a
#9327
0`
#9330
0a
#9332
1`
#9335
b00000000000000000000 /
1a
19
1.
#9337
0`
#9340
0a
#9342
1`
#9345
b00000000000000000100 /
b0000 R
0S
0V
1]
09
0=
b0000000 X
1>
b00001000 7
0Y
1*
1!
b0100 8
1a
b0101001001000101010000010100010000110001 P
b0011000100110011001110100101001001000101010000010100010000110010 Q
0.
#9347
0`
#9350
0a
#9352
1`
#9355
b00000000000000000011 /
1a
b00000000000000000000000000001000 %
1B
#9357
0`
#9360
0a
#9362
1`
#9365
b00000000000000000010 /
1a
#9367
0`
#9370
0a
#9372
1`
#9375
b00000000000000000001 /
1a
#9377
0`
#9380
0a
#9382
1`
#9385
b00000000000000000000 /
1a
19
1.
#9387
0`
#9390
0a
#9392
1`
#9395
b00000000000000000100 /
b0011 R
1S
0]
09
1=
b0001000 X
0>
1Y
0!
0*
1V
1a
b0101001001000101010000010100010000110010 P
b0011000100110010001110100101001001000101010000010100010000110001 Q
0.
#9397
0`
#9400
0a
#9402
1`
#9405
b00000000000000000011 /
1a
0B
#9407
0`
#9410
0a
#9412
1`
#9415
b00000000000000000010 /
1a
#9417
0`
#9420
0a
#9422
1`
#9425
b00000000000000000001 /
1a
#9427
0`
#9430
0a
#9432
1`
#9435
b00000000000000000000 /
1a
19
1.
#9437
0`
#9440
0a
#9442
1`
#9445
b00000000000000000100 /
b0000 R
0S
0V
1]
09
0=
b0000000 X
1>
b00010000 7
0Y
1*
1!
b0011 8
1a
b0101001001000101010000010100010000110001 P
b0011000100110011001110100101001001000101010000010100010000110010 Q
0.
#9447
0`
#9450
0a
#9452
1`
#9455
b00000000000000000011 /
1a
b00000000000000000000000000010000 %
1B
#9457
0`
#9460
0a
#9462
1`
#9465
b00000000000000000010 /
1a
#9467
0`
#9470
0a
#9472
1`
#9475
b00000000000000000001 /
1a
#9477
0`
#9480
0a
#9482
1`
#9485
b00000000000000000000 /
1a
19
1.
#9487
0`
#9490
0a
#9492
1`
#9495
b00000000000000000100 /
b0010 R
1S
0]
09
1=
b0010000 X
0>
1Y
0!
0*
1V
1a
b0101001001000101010000010100010000110010 P
b0011000100110010001110100101001001000101010000010100010000110001 Q
0.
#9497
0`
#9500
0a
#9502
1`
#9505
b00000000000000000011 /
1a
0B
#9507
0`
#9510
0a
#9512
1`
#9515
b00000000000000000010 /
1a
#9517
0`
#9520
0a
#9522
1`
#9525
b00000000000000000001 /
1a
#9527
0`
#9530
0a
#9532
1`
#9535
b00000000000000000000 /
1a
19
1.
#9537
0`
#9540
0a
#9542
1`
#9545
b00000000000000000100 /
b0000 R
0S
0V
1]
09
0=
b0000000 X
1>
b00100000 7
0Y
1*
1!
b0010 8
1a
b0101001001000101010000010100010000110001 P
b0011000100110011001110100101001001000101010000010100010000110010 Q
0.
#9547
0`
#9550
0a
#9552
1`
#9555
b00000000000000000011 /
1a
b00000000000000000000000000100000 %
1B
#9557
0`
#9560
0a
#9562
1`
#9565
b00000000000000000010 /
1a
#9567
0`
#9570
0a
#9572
1`
#9575
b00000000000000000001 /
1a
#9577
0`
#9580
0a
#9582
1`
#9585
b00000000000000000000 /
1a
19
1.
#9587
0`
#9590
0a
#9592
1`
#9595
b00000000000000000100 /
b0001 R
1S
0]
09
1=
b0100000 X
0>
1Y
0!
0*
1V
1a
b0101001001000101010000010100010000110010 P
b0011000100110010001110100101001001000101010000010100010000110001 Q
0.
#9597
0`
#9600
0a
#9602
1`
#9605
b00000000000000000011 /
1a
0B
#9607
0`
#9610
0a
#9612
1`
#9615
b00000000000000000010 /
1a
#9617
0`
#9620
0a
#9622
1`
#9625
b00000000000000000001 /
1a
#9627
0`
#9630
0a
#9632
1`
#9635
b00000000000000000000 /
1a
19
1.
#9637
0`
#9640
0a
#9642
1`
#9645
b00000000000000000100 /
b0000 R
0S
0V
1]
09
0=
b0000000 X
1>
b01000000 7
0Y
1*
1!
b0001 8
1a
b0101001001000101010000010100010000110001 P
b0011000100110011001110100101001001000101010000010100010000110010 Q
0.
#9647
0`
#9650
0a
#9652
1`
#9655
b00000000000000000011 /
1a
b00000000000000000000000001000000 %
1B
#9657
0`
#9660
0a
#9662
1`
#9665
b00000000000000000010 /
1a
#9667
0`
#9670
0a
#9672
1`
#9675
b00000000000000000001 /
1a
#9677
0`
#9680
0a
#9682
1`
#9685
b00000000000000000000 /
1a
19
1.
#9687
0`
#9690
0a
#9692
1`
#9695
b00000000000000000100 /
1S
0]
09
1=
b1000000 X
0>
1Y
0!
0*
1V
1a
b0101001001000101010000010100010000110010 P
b0011000100110010001110100101001001000101010000010100010000110001 Q
0.
#9697
0`
#9700
0a
#9702
1`
#9705
b00000000000000000011 /
1_
1a
1,
1A
0B
1"
#9707
0`
#9710
0a
#9712
1`
#9715
b00000000000000000010 /
1a
#9717
0`
#9720
0a
#9722
1`
#9725
b00000000000000000001 /
1a
#9727
0`
#9730
0a
#9732
1`
#9735
b00000000000000000000 /
1a
19
1.
#9737
0`
#9740
0a
#9742
1`
#9745
b00000000000000000100 /
0=
b0000000 X
1>
b10000000 7
0Y
b0000 8
1a
b0101001001000101010000010100010000110001 P
09
b001100010011010000111010010101110101001001001001010101000100010101000001010000110100101100110000 Q
1!
0S
1\
1]
1T
1U
1*
0V
0.
#9747
0`
#9750
0a
#9752
1`
#9755
b00000000000000000011 /
1a
b00000000000000000000000010000000 %
1B
#9757
0`
#9760
0a
#9762
1`
#9765
b00000000000000000010 /
1a
#9767
0`
#9770
0a
#9772
1`
#9775
b00000000000000000001 /
1a
#9777
0`
#9780
0a
#9782
1`
#9785
b00000000000000000000 /
1a
19
1.
#9787
0`
#9790
0a
#9792
1`
#9795
b00000000000000000100 /
0\
0]
09
0T
1=
0U
0>
b10000001 7
0!
0*
1V
1a
b010101110101001001001001010101000100010101000001010000110100101100110000 P
b001100010011010100111010010101110101001001001001010101000100010101000001010000110100101100110001 Q
0.
#9797
0`
#9800
0a
#9802
1`
#9805
b00000000000000000011 /
0B
b00000000000000000000000010000001 %
1&
1a
1'
0)
#9807
0`
#9810
0a
#9812
1`
#9815
b00000000000000000010 /
1a
1(
#9817
0`
#9820
0a
#9822
1`
#9825
b00000000000000000001 /
0&
1a
0'
0(
#9827
0`
#9830
0a
#9832
1`
#9835
b00000000000000000000 /
1a
19
1.
#9837
0`
#9840
0a
#9842
1`
#9845
b00000000000000000100 /
09
1T
0=
1U
1>
1!
1*
0V
1a
b010101110101001001001001010101000100010101000001010000110100101100110001 P
b001100000011101001001001010001000100110001000101 Q
0.
#9847
0`
#9850
0a
#9852
1`
#9855
b00000000000000000011 /
1&
1a
1'
1B
#9857
0`
#9860
0a
#9862
1`
#9865
b00000000000000000010 /
1a
1(
#9867
0`
#9870
0a
#9872
1`
#9875
b00000000000000000001 /
0&
1a
0'
0(
#9877
0`
#9880
0a
#9882
1`
#9885
b00000000000000000000 /
1&
1a
1'
19
1.
#9887
0`
#9890
0a
#9892
1`
#9895
b00000000000000000100 /
00
11
1=
0>
1a
09
b01001001010001000100110001000101 P
0!
1E
1(
1G
0T
0U
1;
0*
1J
0W
0.
#9897
0`
#9900
0a
#9902
1`
#9905
1I
b00000000000000000010000010000001 %
0&
1a
0'
0(
0B
#9907
0`
#9910
0a
#9912
1`
#9915
1&
1a
1'
#9917
0`
#9920
0a
#9922
1`
#9925
1a
1(
#9927
0`
#9930
0a
#9932
1`
#9935
1a
b00000000000000000000100000000000 $
0(
1)
#9937
0`
#9940
0a
#9942
1`
#9945
10
01
0E
12
1(
0G
1:
b00000000 7
0J
1a
19
b00110010001110100101001001000101010100110101010001000001010100100101010000110000 Q
#9947
0`
#9950
0a
#9952
1`
#9955
b00000000000000000011 /
b00000000000000000000000000000000 %
0&
02
0'
0(
09
1T
0:
0I
1U
0;
1a
b0101001001000101010100110101010001000001010100100101010000110000 P
b00110011001110100101001001000101010100110101010001000001010100100101010000110001 Q
#9957
0`
#9960
0a
#9962
1`
#9965
b00000000000000000010 /
1a
#9967
0`
#9970
0a
#9972
1`
#9975
b00000000000000000001 /
1a
#9977
0`
#9980
0a
#9982
1`
#9985
b00000000000000000000 /
1a
19
1.
#9987
0`
#9990
0a
#9992
1`
#9995
b00000000000000000100 /
09
0T
0U
1W
1V
1a
b0101001001000101010100110101010001000001010100100101010000110001 P
b0011000100111010010100110101010001000001010100100101010000110000 Q
0.
#9997
0`
#10000
0a
#10002
1`
#10005
b00000000000000000011 /
1a
#10007
0`
#10010
0a
#10012
1`
#10015
b00000000000000000010 /
1a
#10017
0`
#10020
0a
#10022
1`
#10025
b00000000000000000001 /
1a
#10027
0`
#10030
0a
#10032
1`
#10035
b00000000000000000000 /
1a
19
1.
#10037
0`
#10040
0a
#10042
1`
#10045
b00000000000000000100 /
09
0=
1U
0W
1>
1!
1*
0V
1a
b010100110101010001000001010100100101010000110000 P
b001100000011101001001001010001000100110001000101 Q
0.
#10047
0`
#10050
0a
#10052
1`
#10055
b00000000000000000011 /
1a
1B
#10057
0`
#10060
0a
#10062
1`
#10065
b00000000000000000010 /
1a
#10067
0`
#10070
0a
#10072
1`
#10075
b00000000000000000001 /
1a
#10077
0`
#10080
0a
#10082
1`
#10085
b00000000000000000000 /
1a
19
1.
#10087
0`
#10090
0a
#10092
1`
#10095
b00000000000000000100 /
00
11
1E
1@
0,
09
1G
0U
1;
1J
0+
1a
b01001001010001000100110001000101 P
0A
0.
0"
#10097
0`
#10100
0a
#10102
1`
#10105
1C
1I
b00000000000000000010000000000000 %
1&
1a
1'
0)
#10107
0`
#10110
0a
#10112
1`
#10115
1a
1(
#10117
0`
#10120
0a
#10122
1`
#10125
1a
b00000000000000000000010010101011 $
0(
1)
#10127
0`
#10130
0a
#10132
1`
#10135
b1000 R
1S
10
01
0E
1(
0G
14
1:
b10101011 7
0J
1a
19
b0011011100111010010101110101001001001001010101000100010100110000 Q
#10137
0`
#10140
0a
#10142
1`
#10145
b00000000000000000011 /
04
b1000 8
1a
b010101110101001001001001010101000100010100110000 P
09
b0011100000111010010101110101001001001001010101000100010100110001 Q
b0000 R
0S
b00000000000000000000000010101011 %
0&
0'
0(
1T
0:
0I
1U
0;
1W
#10147
0`
#10150
0a
#10152
1`
#10155
b00000000000000000010 /
1a
#10157
0`
#10160
0a
#10162
1`
#10165
b00000000000000000001 /
1a
#10167
0`
#10170
0a
#10172
1`
#10175
b00000000000000000000 /
1a
19
1.
#10177
0`
#10180
0a
#10182
1`
#10185
b00000000000000000100 /
b0111 R
1S
1V
09
0T
1=
0U
b0101011 X
0>
1Y
0!
0*
1+
1a
b010101110101001001001001010101000100010100110001 P
b0011011100111010010101110101001001001001010101000100010100110000 Q
0.
#10187
0`
#10190
0a
#10192
1`
#10195
b00000000000000000011 /
1a
0@
1A
1,
0B
1"
#10197
0`
#10200
0a
#10202
1`
#10205
0C
1a
b00000000000000000010 /
#10207
0`
#10210
0a
#10212
1`
#10215
b00000000000000000001 /
1a
#10217
0`
#10220
0a
#10222
1`
#10225
b00000000000000000000 /
1a
19
1.
#10227
0`
#10230
0a
#10232
1`
#10235
b00000000000000000100 /
b0000 R
0S
0V
09
0=
1U
b0000000 X
1>
b01010111 7
0Y
1*
1!
b0111 8
1a
b010101110101001001001001010101000100010100110000 P
b0011100000111010010101110101001001001001010101000100010100110001 Q
0.
#10237
0`
#10240
0a
#10242
1`
#10245
b00000000000000000011 /
1a
b00000000000000000000000001010111 %
1B
#10247
0`
#10250
0a
#10252
1`
#10255
b00000000000000000010 /
1a
#10257
0`
#10260
0a
#10262
1`
#10265
b00000000000000000001 /
1a
#10267
0`
#10270
0a
#10272
1`
#10275
b00000000000000000000 /
1a
19
1.
#10277
0`
#10280
0a
#10282
1`
#10285
b00000000000000000100 /
b0110 R
1S
1V
09
1=
0U
b1010111 X
0>
1Y
0!
0*
0+
1a
b010101110101001001001001010101000100010100110001 P
b0011011100111010010101110101001001001001010101000100010100110000 Q
0.
#10287
0`
#10290
0a
#10292
1`
#10295
b00000000000000000011 /
1a
1@
0A
0,
0B
0"
#10297
0`
#10300
0a
#10302
1`
#10305
1C
1a
b00000000000000000010 /
#10307
0`
#10310
0a
#10312
1`
#10315
b00000000000000000001 /
1a
#10317
0`
#10320
0a
#10322
1`
#10325
b00000000000000000000 /
1a
19
1.
#10327
0`
#10330
0a
#10332
1`
#10335
b00000000000000000100 /
0=
b0000000 X
1>
b10101111 7
0Y
b0110 8
1a
b010101110101001001001001010101000100010100110000 P
09
b0011100000111010010101110101001001001001010101000100010100110001 Q
1!
b0000 R
0S
1T
1U
1*
0V
0.
#10337
0`
#10340
0a
#10342
1`
#10345
b00000000000000000011 /
1a
b00000000000000000000000010101111 %
1B
#10347
0`
#10350
0a
#10352
1`
#10355
b00000000000000000010 /
1a
#10357
0`
#10360
0a
#10362
1`
#10365
b00000000000000000001 /
1a
#10367
0`
#10370
0a
#10372
1`
#10375
b00000000000000000000 /
1a
19
1.
#10377
0`
#10380
0a
#10382
1`
#10385
b00000000000000000100 /
b0101 R
1S
1V
09
0T
1=
0U
b0101111 X
0>
1Y
0!
0*
1+
1a
b010101110101001001001001010101000100010100110001 P
b0011011100111010010101110101001001001001010101000100010100110000 Q
0.
#10387
0`
#10390
0a
#10392
1`
#10395
b00000000000000000011 /
1a
0@
1A
1,
0B
1"
#10397
0`
#10400
0a
#10402
1`
#10405
0C
1a
b00000000000000000010 /
#10407
0`
#10410
0a
#10412
1`
#10415
b00000000000000000001 /
1a
#10417
0`
#10420
0a
#10422
1`
#10425
b00000000000000000000 /
1a
19
1.
#10427
0`
#10430
0a
#10432
1`
#10435
b00000000000000000100 /
b0000 R
0S
0V
09
0=
1U
b0000000 X
1>
b01011111 7
0Y
1*
1!
b0101 8
1a
b010101110101001001001001010101000100010100110000 P
b0011100000111010010101110101001001001001010101000100010100110001 Q
0.
#10437
0`
#10440
0a
#10442
1`
#10445
b00000000000000000011 /
1a
b00000000000000000000000001011111 %
1B
#10447
0`
#10450
0a
#10452
1`
#10455
b00000000000000000010 /
1a
#10457
0`
#10460
0a
#10462
1`
#10465
b00000000000000000001 /
1a
#10467
0`
#10470
0a
#10472
1`
#10475
b00000000000000000000 /
1a
19
1.
#10477
0`
#10480
0a
#10482
1`
#10485
b00000000000000000100 /
b0100 R
1S
1V
09
1=
0U
b1011111 X
0>
1Y
0!
0*
0+
1a
b010101110101001001001001010101000100010100110001 P
b0011011100111010010101110101001001001001010101000100010100110000 Q
0.
#10487
0`
#10490
0a
#10492
1`
#10495
b00000000000000000011 /
1a
1@
0A
0,
0B
0"
#10497
0`
#10500
0a
#10502
1`
#10505
1C
1a
b00000000000000000010 /
#10507
0`
#10510
0a
#10512
1`
#10515
b00000000000000000001 /
1a
#10517
0`
#10520
0a
#10522
1`
#10525
b00000000000000000000 /
1a
19
1.
#10527
0`
#10530
0a
#10532
1`
#10535
b00000000000000000100 /
0=
b0000000 X
1>
b10111111 7
0Y
b0100 8
1a
b010101110101001001001001010101000100010100110000 P
09
b0011100000111010010101110101001001001001010101000100010100110001 Q
1!
b0000 R
0S
1T
1U
1*
0V
0.
#10537
0`
#10540
0a
#10542
1`
#10545
b00000000000000000011 /
1a
b00000000000000000000000010111111 %
1B
#10547
0`
#10550
0a
#10552
1`
#10555
b00000000000000000010 /
1a
#10557
0`
#10560
0a
#10562
1`
#10565
b00000000000000000001 /
1a
#10567
0`
#10570
0a
#10572
1`
#10575
b00000000000000000000 /
1a
19
1.
#10577
0`
#10580
0a
#10582
1`
#10585
b00000000000000000100 /
b0011 R
1S
1V
09
0T
1=
0U
b0111111 X
0>
1Y
0!
0*
1+
1a
b010101110101001001001001010101000100010100110001 P
b0011011100111010010101110101001001001001010101000100010100110000 Q
0.
#10587
0`
#10590
0a
#10592
1`
#10595
b00000000000000000011 /
1a
0@
1A
1,
0B
1"
#10597
0`
#10600
0a
#10602
1`
#10605
0C
1a
b00000000000000000010 /
#10607
0`
#10610
0a
#10612
1`
#10615
b00000000000000000001 /
1a
#10617
0`
#10620
0a
#10622
1`
#10625
b00000000000000000000 /
1a
19
1.
#10627
0`
#10630
0a
#10632
1`
#10635
b00000000000000000100 /
b0000 R
0S
0V
09
0=
1U
b0000000 X
1>
b01111111 7
0Y
1*
1!
b0011 8
1a
b010101110101001001001001010101000100010100110000 P
b0011100000111010010101110101001001001001010101000100010100110001 Q
0.
#10637
0`
#10640
0a
#10642
1`
#10645
b00000000000000000011 /
1a
b00000000000000000000000001111111 %
1B
#10647
0`
#10650
0a
#10652
1`
#10655
b00000000000000000010 /
1a
#10657
0`
#10660
0a
#10662
1`
#10665
b00000000000000000001 /
1a
#10667
0`
#10670
0a
#10672
1`
#10675
b00000000000000000000 /
1a
19
1.
#10677
0`
#10680
0a
#10682
1`
#10685
b00000000000000000100 /
b0010 R
1S
1V
09
1=
0U
b1111111 X
0>
1Y
0!
0*
0+
1a
b010101110101001001001001010101000100010100110001 P
b0011011100111010010101110101001001001001010101000100010100110000 Q
0.
#10687
0`
#10690
0a
#10692
1`
#10695
b00000000000000000011 /
1a
1@
0A
0,
0B
0"
#10697
0`
#10700
0a
#10702
1`
#10705
1C
1a
b00000000000000000010 /
#10707
0`
#10710
0a
#10712
1`
#10715
b00000000000000000001 /
1a
#10717
0`
#10720
0a
#10722
1`
#10725
b00000000000000000000 /
1a
19
1.
#10727
0`
#10730
0a
#10732
1`
#10735
b00000000000000000100 /
0=
b0000000 X
1>
b11111111 7
0Y
b0010 8
1a
b010101110101001001001001010101000100010100110000 P
09
b0011100000111010010101110101001001001001010101000100010100110001 Q
1!
b0000 R
0S
1T
1U
1*
0V
0.
#10737
0`
#10740
0a
#10742
1`
#10745
b00000000000000000011 /
1a
b00000000000000000000000011111111 %
1B
#10747
0`
#10750
0a
#10752
1`
#10755
b00000000000000000010 /
1a
#10757
0`
#10760
0a
#10762
1`
#10765
b00000000000000000001 /
1a
#10767
0`
#10770
0a
#10772
1`
#10775
b00000000000000000000 /
1a
19
1.
#10777
0`
#10780
0a
#10782
1`
#10785
b00000000000000000100 /
b0001 R
1S
1V
09
0T
1=
0U
b1111111 X
0>
1Y
0!
0*
1+
1a
b010101110101001001001001010101000100010100110001 P
b0011011100111010010101110101001001001001010101000100010100110000 Q
0.
#10787
0`
#10790
0a
#10792
1`
#10795
b00000000000000000011 /
1a
0@
1A
1,
0B
1"
#10797
0`
#10800
0a
#10802
1`
#10805
0C
1a
b00000000000000000010 /
#10807
0`
#10810
0a
#10812
1`
#10815
b00000000000000000001 /
1a
#10817
0`
#10820
0a
#10822
1`
#10825
b00000000000000000000 /
1a
19
1.
#10827
0`
#10830
0a
#10832
1`
#10835
b00000000000000000100 /
b0000 R
0S
0V
09
1T
0=
1U
b0000000 X
1>
0Y
1!
1*
b0001 8
1a
b010101110101001001001001010101000100010100110000 P
b0011100000111010010101110101001001001001010101000100010100110001 Q
0.
#10837
0`
#10840
0a
#10842
1`
#10845
b00000000000000000011 /
1a
1B
#10847
0`
#10850
0a
#10852
1`
#10855
b00000000000000000010 /
1a
#10857
0`
#10860
0a
#10862
1`
#10865
b00000000000000000001 /
1a
#10867
0`
#10870
0a
#10872
1`
#10875
b00000000000000000000 /
1a
19
1.
#10877
0`
#10880
0a
#10882
1`
#10885
b00000000000000000100 /
1S
09
0T
1=
0U
b1111111 X
0>
1Y
0!
0*
1V
1a
b010101110101001001001001010101000100010100110001 P
b0011011100111010010101110101001001001001010101000100010100110000 Q
0.
#10887
0`
#10890
0a
#10892
1`
#10895
b00000000000000000011 /
1a
0B
#10897
0`
#10900
0a
#10902
1`
#10905
b00000000000000000010 /
1a
#10907
0`
#10910
0a
#10912
1`
#10915
b00000000000000000001 /
1a
#10917
0`
#10920
0a
#10922
1`
#10925
b00000000000000000000 /
1a
19
1.
#10927
0`
#10930
0a
#10932
1`
#10935
b00000000000000000100 /
0S
0V
09
1T
0=
1U
b0000000 X
1>
0Y
1!
1*
b0000 8
1a
b010101110101001001001001010101000100010100110000 P
b00111001001110100101001001000101010000010100010001000001010000110100101100110000 Q
0.
#10937
0`
#10940
0a
#10942
1`
#10945
b00000000000000000011 /
1a
1B
#10947
0`
#10950
0a
#10952
1`
#10955
b00000000000000000010 /
1a
#10957
0`
#10960
0a
#10962
1`
#10965
b00000000000000000001 /
1a
#10967
0`
#10970
0a
#10972
1`
#10975
b00000000000000000000 /
1a
19
1.
#10977
0`
#10980
0a
#10982
1`
#10985
b00000000000000000100 /
09
0T
1=
0U
0>
0!
0*
1V
1a
b0101001001000101010000010100010001000001010000110100101100110000 P
b0011000100110000001110100101001001000101010000010100010001000001010000110100101100110001 Q
0.
#10987
0`
#10990
0a
#10992
1`
#10995
b00000000000000000011 /
0_
1a
0,
0A
0B
0"
#10997
0`
#11000
0a
#11002
1`
#11005
b00000000000000000010 /
1a
#11007
0`
#11010
0a
#11012
1`
#11015
b00000000000000000001 /
1a
#11017
0`
#11020
0a
#11022
1`
#11025
b00000000000000000000 /
1a
19
1.
#11027
0`
#11030
0a
#11032
1`
#11035
b00000000000000000100 /
1[
0.
09
0=
1>
1!
1*
0V
1a
b0101001001000101010000010100010001000001010000110100101100110001 P
b001100000011101001001001010001000100110001000101 Q
1Z
#11037
0`
#11040
0a
#11042
1`
#11045
b00000000000000000011 /
1B
1&
1a
1'
0)
#11047
0`
#11050
0a
#11052
1`
#11055
b00000000000000000010 /
1a
1(
#11057
0`
#11060
0a
#11062
1`
#11065
b00000000000000000001 /
0&
1a
0'
0(
#11067
0`
#11070
0a
#11072
1`
#11075
b00000000000000000000 /
1&
1a
1'
19
1.
#11077
0`
#11080
0a
#11082
1`
#11085
b00000000000000000100 /
00
11
1=
16
0>
1a
09
b01001001010001000100110001000101 P
0!
0Z
0[
1E
1(
1G
1;
0*
1J
0W
0.
#11087
0`
#11090
0a
#11092
1`
#11095
1I
b00000000000000000010000111111111 %
0&
1a
0'
0(
0B
#11097
0`
#11100
0a
#11102
1`
#11105
1&
1a
1'
#11107
0`
#11110
0a
#11112
1`
#11115
1a
1(
#11117
0`
#11120
0a
#11122
1`
#11125
1_
1a
1,
1A
0(
1"
#11127
0`
#11130
0a
#11132
1`
#11135
1a
1(
#11137
0`
#11140
0a
#11142
1`
#11145
1a
b00000000000000000000001100000000 $
0(
1)
#11147
0`
#11150
0a
#11152
1`
#11155
b0111 R
1S
10
01
0E
1(
0G
1:
15
b00000000 7
0J
1a
19
b0011000100110001001110100101001001000101010000010100010000110000 Q
#11157
0`
#11160
0a
#11162
1`
#11165
b00000000000000000011 /
b0000 R
0S
b00000000000000000000000100000000 %
0&
1V
0'
0(
09
0:
05
0I
1W
0;
b0111 8
1a
b0101001001000101010000010100010000110000 P
b0011000100110010001110100101001001000101010000010100010000110001 Q
#11167
0`
#11170
0a
#11172
1`
#11175
b00000000000000000010 /
1a
#11177
0`
#11180
0a
#11182
1`
#11185
b00000000000000000001 /
1a
#11187
0`
#11190
0a
#11192
1`
#11195
b00000000000000000000 /
1a
19
1.
#11197
0`
#11200
0a
#11202
1`
#11205
b00000000000000000100 /
1\
1]
09
0=
1>
1!
1*
0V
1a
b0101001001000101010000010100010000110001 P
b0011000100110011001110100101001001000101010000010100010000110010 Q
0.
#11207
0`
#11210
0a
#11212
1`
#11215
b00000000000000000011 /
1a
1B
#11217
0`
#11220
0a
#11222
1`
#11225
b00000000000000000010 /
1a
#11227
0`
#11230
0a
#11232
1`
#11235
b00000000000000000001 /
1a
#11237
0`
#11240
0a
#11242
1`
#11245
b00000000000000000000 /
1a
19
1.
#11247
0`
#11250
0a
#11252
1`
#11255
b00000000000000000100 /
b0110 R
1S
0\
0]
09
1=
b0000001 X
0>
b00000001 7
1Y
0*
0!
1V
1a
b0101001001000101010000010100010000110010 P
b0011000100110010001110100101001001000101010000010100010000110001 Q
0.
#11257
0`
#11260
0a
#11262
1`
#11265
b00000000000000000011 /
1a
b00000000000000000000000100000001 %
0B
#11267
0`
#11270
0a
#11272
1`
#11275
b00000000000000000010 /
1a
#11277
0`
#11280
0a
#11282
1`
#11285
b00000000000000000001 /
1a
#11287
0`
#11290
0a
#11292
1`
#11295
b00000000000000000000 /
1a
19
1.
#11297
0`
#11300
0a
#11302
1`
#11305
b00000000000000000100 /
0=
b0000000 X
1>
b00000011 7
0Y
b0110 8
1a
b0101001001000101010000010100010000110001 P
09
b0011000100110011001110100101001001000101010000010100010000110010 Q
1!
b0000 R
0S
1\
1]
1*
0V
0.
#11307
0`
#11310
0a
#11312
1`
#11315
b00000000000000000011 /
1a
b00000000000000000000000100000011 %
1B
#11317
0`
#11320
0a
#11322
1`
#11325
b00000000000000000010 /
1a
#11327
0`
#11330
0a
#11332
1`
#11335
b00000000000000000001 /
1a
#11337
0`
#11340
0a
#11342
1`
#11345
b00000000000000000000 /
1a
19
1.
#11347
0`
#11350
0a
#11352
1`
#11355
b00000000000000000100 /
b0101 R
1S
0\
0]
09
1=
b0000011 X
0>
1Y
0!
0*
1V
1a
b0101001001000101010000010100010000110010 P
b0011000100110010001110100101001001000101010000010100010000110001 Q
0.
#11357
0`
#11360
0a
#11362
1`
#11365
b00000000000000000011 /
0_
1a
0,
0A
0B
0"
#11367
0`
#11370
0a
#11372
1`
#11375
b00000000000000000010 /
1a
#11377
0`
#11380
0a
#11382
1`
#11385
b00000000000000000001 /
1a
#11387
0`
#11390
0a
#11392
1`
#11395
b00000000000000000000 /
1a
19
1.
#11397
0`
#11400
0a
#11402
1`
#11405
b00000000000000000100 /
b0000 R
0S
0V
1]
09
0=
b0000000 X
1>
b00000111 7
0Y
1*
1!
b0101 8
1a
b0101001001000101010000010100010000110001 P
b0011000100110011001110100101001001000101010000010100010000110010 Q
0.
#11407
0`
#11410
0a
#11412
1`
#11415
b00000000000000000011 /
1a
b00000000000000000000000100000111 %
1B
#11417
0`
#11420
0a
#11422
1`
#11425
b00000000000000000010 /
1a
#11427
0`
#11430
0a
#11432
1`
#11435
b00000000000000000001 /
1a
#11437
0`
#11440
0a
#11442
1`
#11445
b00000000000000000000 /
1a
19
1.
#11447
0`
#11450
0a
#11452
1`
#11455
b00000000000000000100 /
b0100 R
1S
0]
09
1=
b0000110 X
0>
b00000110 7
1Y
0*
0!
1V
1a
b0101001001000101010000010100010000110010 P
b0011000100110010001110100101001001000101010000010100010000110001 Q
0.
#11457
0`
#11460
0a
#11462
1`
#11465
b00000000000000000011 /
b00000000000000000000000100000110 %
1_
1a
1,
1A
0B
1"
#11467
0`
#11470
0a
#11472
1`
#11475
b00000000000000000010 /
1a
#11477
0`
#11480
0a
#11482
1`
#11485
b00000000000000000001 /
1a
#11487
0`
#11490
0a
#11492
1`
#11495
b00000000000000000000 /
1a
19
1.
#11497
0`
#11500
0a
#11502
1`
#11505
b00000000000000000100 /
0=
b0000000 X
1>
b00001100 7
0Y
b0100 8
1a
b0101001001000101010000010100010000110001 P
09
b0011000100110011001110100101001001000101010000010100010000110010 Q
1!
b0000 R
0S
1\
1]
1*
0V
0.
#11507
0`
#11510
0a
#11512
1`
#11515
b00000000000000000011 /
1a
b00000000000000000000000100001100 %
1B
#11517
0`
#11520
0a
#11522
1`
#11525
b00000000000000000010 /
1a
#11527
0`
#11530
0a
#11532
1`
#11535
b00000000000000000001 /
1a
#11537
0`
#11540
0a
#11542
1`
#11545
b00000000000000000000 /
1a
19
1.
#11547
0`
#11550
0a
#11552
1`
#11555
b00000000000000000100 /
b0011 R
1S
0\
0]
09
1=
b0001101 X
0>
b00001101 7
1Y
0*
0!
1V
1a
b0101001001000101010000010100010000110010 P
b0011000100110010001110100101001001000101010000010100010000110001 Q
0.
#11557
0`
#11560
0a
#11562
1`
#11565
b00000000000000000011 /
1a
b00000000000000000000000100001101 %
0B
#11567
0`
#11570
0a
#11572
1`
#11575
b00000000000000000010 /
1a
#11577
0`
#11580
0a
#11582
1`
#11585
b00000000000000000001 /
1a
#11587
0`
#11590
0a
#11592
1`
#11595
b00000000000000000000 /
1a
19
1.
#11597
0`
#11600
0a
#11602
1`
#11605
b00000000000000000100 /
0=
b0000000 X
1>
b00011011 7
0Y
b0011 8
1a
b0101001001000101010000010100010000110001 P
09
b0011000100110011001110100101001001000101010000010100010000110010 Q
1!
b0000 R
0S
1\
1]
1*
0V
0.
#11607
0`
#11610
0a
#11612
1`
#11615
b00000000000000000011 /
1a
b00000000000000000000000100011011 %
1B
#11617
0`
#11620
0a
#11622
1`
#11625
b00000000000000000010 /
1a
#11627
0`
#11630
0a
#11632
1`
#11635
b00000000000000000001 /
1a
#11637
0`
#11640
0a
#11642
1`
#11645
b00000000000000000000 /
1a
19
1.
#11647
0`
#11650
0a
#11652
1`
#11655
b00000000000000000100 /
b0010 R
1S
0\
0]
09
1=
b0011011 X
0>
1Y
0!
0*
1V
1a
b0101001001000101010000010100010000110010 P
b0011000100110010001110100101001001000101010000010100010000110001 Q
0.
#11657
0`
#11660
0a
#11662
1`
#11665
b00000000000000000011 /
1a
0B
#11667
0`
#11670
0a
#11672
1`
#11675
b00000000000000000010 /
1a
#11677
0`
#11680
0a
#11682
1`
#11685
b00000000000000000001 /
1a
#11687
0`
#11690
0a
#11692
1`
#11695
b00000000000000000000 /
1a
19
1.
#11697
0`
#11700
0a
#11702
1`
#11705
b00000000000000000100 /
0=
b0000000 X
1>
b00110111 7
0Y
b0010 8
1a
b0101001001000101010000010100010000110001 P
09
b0011000100110011001110100101001001000101010000010100010000110010 Q
1!
b0000 R
0S
1\
1]
1*
0V
0.
#11707
0`
#11710
0a
#11712
1`
#11715
b00000000000000000011 /
1a
b00000000000000000000000100110111 %
1B
#11717
0`
#11720
0a
#11722
1`
#11725
b00000000000000000010 /
1a
#11727
0`
#11730
0a
#11732
1`
#11735
b00000000000000000001 /
1a
#11737
0`
#11740
0a
#11742
1`
#11745
b00000000000000000000 /
1a
19
1.
#11747
0`
#11750
0a
#11752
1`
#11755
b00000000000000000100 /
b0001 R
1S
0\
0]
09
1=
b0110111 X
0>
1Y
0!
0*
1V
1a
b0101001001000101010000010100010000110010 P
b0011000100110010001110100101001001000101010000010100010000110001 Q
0.
#11757
0`
#11760
0a
#11762
1`
#11765
b00000000000000000011 /
1a
0B
#11767
0`
#11770
0a
#11772
1`
#11775
b00000000000000000010 /
1a
#11777
0`
#11780
0a
#11782
1`
#11785
b00000000000000000001 /
1a
#11787
0`
#11790
0a
#11792
1`
#11795
b00000000000000000000 /
1a
19
1.
#11797
0`
#11800
0a
#11802
1`
#11805
b00000000000000000100 /
0=
b0000000 X
1>
b01101111 7
0Y
b0001 8
1a
b0101001001000101010000010100010000110001 P
09
b0011000100110011001110100101001001000101010000010100010000110010 Q
1!
b0000 R
0S
1\
1]
1*
0V
0.
#11807
0`
#11810
0a
#11812
1`
#11815
b00000000000000000011 /
1a
b00000000000000000000000101101111 %
1B
#11817
0`
#11820
0a
#11822
1`
#11825
b00000000000000000010 /
1a
#11827
0`
#11830
0a
#11832
1`
#11835
b00000000000000000001 /
1a
#11837
0`
#11840
0a
#11842
1`
#11845
b00000000000000000000 /
1a
19
1.
#11847
0`
#11850
0a
#11852
1`
#11855
b00000000000000000100 /
1S
0\
0]
09
1=
b1101111 X
0>
1Y
0!
0*
1V
1a
b0101001001000101010000010100010000110010 P
b0011000100110010001110100101001001000101010000010100010000110001 Q
0.
#11857
0`
#11860
0a
#11862
1`
#11865
b00000000000000000011 /
0_
1a
0,
0A
0B
0"
#11867
0`
#11870
0a
#11872
1`
#11875
b00000000000000000010 /
1a
#11877
0`
#11880
0a
#11882
1`
#11885
b00000000000000000001 /
1a
#11887
0`
#11890
0a
#11892
1`
#11895
b00000000000000000000 /
1a
19
1.
#11897
0`
#11900
0a
#11902
1`
#11905
b00000000000000000100 /
0S
0V
1]
09
0=
1U
b0000000 X
1>
b11011111 7
0Y
1*
1!
b0000 8
1a
b0101001001000101010000010100010000110001 P
b001100010011010000111010010101110101001001001001010101000100010101000001010000110100101100110000 Q
0.
#11907
0`
#11910
0a
#11912
1`
#11915
b00000000000000000011 /
1a
b00000000000000000000000111011111 %
1B
#11917
0`
#11920
0a
#11922
1`
#11925
b00000000000000000010 /
1a
#11927
0`
#11930
0a
#11932
1`
#11935
b00000000000000000001 /
1a
#11937
0`
#11940
0a
#11942
1`
#11945
b00000000000000000000 /
1a
19
1.
#11947
0`
#11950
0a
#11952
1`
#11955
b00000000000000000100 /
1V
0]
09
1=
0U
0>
b11011110 7
0!
0*
0+
1a
b010101110101001001001001010101000100010101000001010000110100101100110000 P
b001100010011010100111010010101110101001001001001010101000100010101000001010000110100101100110001 Q
0.
#11957
0`
#11960
0a
#11962
1`
#11965
b00000000000000000011 /
b00000000000000000000000111011110 %
1&
1'
1@
0)
1_
1a
0B
#11967
0`
#11970
0a
#11972
1`
#11975
1C
1a
b00000000000000000010 /
1(
#11977
0`
#11980
0a
#11982
1`
#11985
b00000000000000000001 /
0&
1a
0'
0(
#11987
0`
#11990
0a
#11992
1`
#11995
b00000000000000000000 /
1a
19
1.
#11997
0`
#12000
0a
#12002
1`
#12005
b00000000000000000100 /
09
1T
0=
1U
1>
1!
1*
0V
1a
b010101110101001001001001010101000100010101000001010000110100101100110001 P
b001100000011101001001001010001000100110001000101 Q
0.
#12007
0`
#12010
0a
#12012
1`
#12015
b00000000000000000011 /
1&
1a
1'
1B
#12017
0`
#12020
0a
#12022
1`
#12025
b00000000000000000010 /
1a
1(
#12027
0`
#12030
0a
#12032
1`
#12035
b00000000000000000001 /
0&
1a
0'
0(
#12037
0`
#12040
0a
#12042
1`
#12045
b00000000000000000000 /
1&
1a
1'
19
1.
#12047
0`
#12050
0a
#12052
1`
#12055
b00000000000000000100 /
00
11
1=
0>
1a
09
b01001001010001000100110001000101 P
0!
1E
1(
1G
0T
0U
1;
0*
1J
1+
0W
0.
#12057
0`
#12060
0a
#12062
1`
#12065
b00000000000000000010000111011110 %
0&
0'
0@
0(
1I
1a
1,
1A
0B
1"
#12067
0`
#12070
0a
#12072
1`
#12075
0C
1a
1&
1'
#12077
0`
#12080
0a
#12082
1`
#12085
1a
1(
#12087
0`
#12090
0a
#12092
1`
#12095
1a
b00000000000000000000001000000000 $
0(
1)
#12097
0`
#12100
0a
#12102
1`
#12105
b0111 R
1S
10
01
0E
1(
0G
1:
15
06
b00000000 7
0J
1a
19
b0011000100110001001110100101001001000101010000010100010000110000 Q
#12107
0`
#12110
0a
#12112
1`
#12115
b00000000000000000011 /
b0000 R
0S
b00000000000000000000000000000000 %
0&
1V
0'
0(
09
0:
05
0I
1W
0;
b0111 8
1a
b0101001001000101010000010100010000110000 P
b0011000100110010001110100101001001000101010000010100010000110001 Q
#12117
0`
#12120
0a
#12122
1`
#12125
b00000000000000000010 /
1a
#12127
0`
#12130
0a
#12132
1`
#12135
b00000000000000000001 /
1a
#12137
0`
#12140
0a
#12142
1`
#12145
b00000000000000000000 /
1a
19
1.
#12147
0`
#12150
0a
#12152
1`
#12155
b00000000000000000100 /
1\
1]
09
0=
1>
1!
1*
0V
1a
b0101001001000101010000010100010000110001 P
b0011000100110011001110100101001001000101010000010100010000110010 Q
0.
#12157
0`
#12160
0a
#12162
1`
#12165
b00000000000000000011 /
1a
1B
#12167
0`
#12170
0a
#12172
1`
#12175
b00000000000000000010 /
1a
#12177
0`
#12180
0a
#12182
1`
#12185
b00000000000000000001 /
1a
#12187
0`
#12190
0a
#12192
1`
#12195
b00000000000000000000 /
1a
19
1.
#12197
0`
#12200
0a
#12202
1`
#12205
b00000000000000000100 /
b0110 R
1S
0\
0]
09
1=
b0000001 X
0>
b00000001 7
1Y
0*
0!
1V
1a
b0101001001000101010000010100010000110010 P
b0011000100110010001110100101001001000101010000010100010000110001 Q
0.
#12207
0`
#12210
0a
#12212
1`
#12215
b00000000000000000011 /
b00000000000000000000000000000001 %
0_
1a
0,
0A
0B
0"
#12217
0`
#12220
0a
#12222
1`
#12225
b00000000000000000010 /
1a
#12227
0`
#12230
0a
#12232
1`
#12235
b00000000000000000001 /
1a
#12237
0`
#12240
0a
#12242
1`
#12245
b00000000000000000000 /
1a
19
1.
#12247
0`
#12250
0a
#12252
1`
#12255
b00000000000000000100 /
b0000 R
0S
0V
1]
09
0=
b0000000 X
1>
b00000011 7
0Y
1*
1!
b0110 8
1a
b0101001001000101010000010100010000110001 P
b0011000100110011001110100101001001000101010000010100010000110010 Q
0.
#12257
0`
#12260
0a
#12262
1`
#12265
b00000000000000000011 /
1a
b00000000000000000000000000000011 %
1B
#12267
0`
#12270
0a
#12272
1`
#12275
b00000000000000000010 /
1a
#12277
0`
#12280
0a
#12282
1`
#12285
b00000000000000000001 /
1a
#12287
0`
#12290
0a
#12292
1`
#12295
b00000000000000000000 /
1a
19
1.
#12297
0`
#12300
0a
#12302
1`
#12305
b00000000000000000100 /
b0101 R
1S
0]
09
1=
b0000010 X
0>
b00000010 7
1Y
0*
0!
1V
1a
b0101001001000101010000010100010000110010 P
b0011000100110010001110100101001001000101010000010100010000110001 Q
0.
#12307
0`
#12310
0a
#12312
1`
#12315
b00000000000000000011 /
b00000000000000000000000000000010 %
1_
1a
1,
1A
0B
1"
#12317
0`
#12320
0a
#12322
1`
#12325
b00000000000000000010 /
1a
#12327
0`
#12330
0a
#12332
1`
#12335
b00000000000000000001 /
1a
#12337
0`
#12340
0a
#12342
1`
#12345
b00000000000000000000 /
1a
19
1.
#12347
0`
#12350
0a
#12352
1`
#12355
b00000000000000000100 /
0=
b0000000 X
1>
b00000100 7
0Y
b0101 8
1a
b0101001001000101010000010100010000110001 P
09
b0011000100110011001110100101001001000101010000010100010000110010 Q
1!
b0000 R
0S
1\
1]
1*
0V
0.
#12357
0`
#12360
0a
#12362
1`
#12365
b00000000000000000011 /
1a
b00000000000000000000000000000100 %
1B
#12367
0`
#12370
0a
#12372
1`
#12375
b00000000000000000010 /
1a
#12377
0`
#12380
0a
#12382
1`
#12385
b00000000000000000001 /
1a
#12387
0`
#12390
0a
#12392
1`
#12395
b00000000000000000000 /
1a
19
1.
#12397
0`
#12400
0a
#12402
1`
#12405
b00000000000000000100 /
b0100 R
1S
0\
0]
09
1=
b0000101 X
0>
b00000101 7
1Y
0*
0!
1V
1a
b0101001001000101010000010100010000110010 P
b0011000100110010001110100101001001000101010000010100010000110001 Q
0.
#12407
0`
#12410
0a
#12412
1`
#12415
b00000000000000000011 /
b00000000000000000000000000000101 %
0_
1a
0,
0A
0B
0"
#12417
0`
#12420
0a
#12422
1`
#12425
b00000000000000000010 /
1a
#12427
0`
#12430
0a
#12432
1`
#12435
b00000000000000000001 /
1a
#12437
0`
#12440
0a
#12442
1`
#12445
b00000000000000000000 /
1a
19
1.
#12447
0`
#12450
0a
#12452
1`
#12455
b00000000000000000100 /
b0000 R
0S
0V
1]
09
0=
b0000000 X
1>
b00001011 7
0Y
1*
1!
b0100 8
1a
b0101001001000101010000010100010000110001 P
b0011000100110011001110100101001001000101010000010100010000110010 Q
0.
#12457
0`
#12460
0a
#12462
1`
#12465
b00000000000000000011 /
1a
b00000000000000000000000000001011 %
1B
#12467
0`
#12470
0a
#12472
1`
#12475
b00000000000000000010 /
1a
#12477
0`
#12480
0a
#12482
1`
#12485
b00000000000000000001 /
1a
#12487
0`
#12490
0a
#12492
1`
#12495
b00000000000000000000 /
1a
19
1.
#12497
0`
#12500
0a
#12502
1`
#12505
b00000000000000000100 /
b0011 R
1S
0]
09
1=
b0001010 X
0>
b00001010 7
1Y
0*
0!
1V
1a
b0101001001000101010000010100010000110010 P
b0011000100110010001110100101001001000101010000010100010000110001 Q
0.
#12507
0`
#12510
0a
#12512
1`
#12515
b00000000000000000011 /
b00000000000000000000000000001010 %
1_
1a
1,
1A
0B
1"
#12517
0`
#12520
0a
#12522
1`
#12525
b00000000000000000010 /
1a
#12527
0`
#12530
0a
#12532
1`
#12535
b00000000000000000001 /
1a
#12537
0`
#12540
0a
#12542
1`
#12545
b00000000000000000000 /
1a
19
1.
#12547
0`
#12550
0a
#12552
1`
#12555
b00000000000000000100 /
0=
b0000000 X
1>
b00010100 7
0Y
b0011 8
1a
b0101001001000101010000010100010000110001 P
09
b0011000100110011001110100101001001000101010000010100010000110010 Q
1!
b0000 R
0S
1\
1]
1*
0V
0.
#12557
0`
#12560
0a
#12562
1`
#12565
b00000000000000000011 /
1a
b00000000000000000000000000010100 %
1B
#12567
0`
#12570
0a
#12572
1`
#12575
b00000000000000000010 /
1a
#12577
0`
#12580
0a
#12582
1`
#12585
b00000000000000000001 /
1a
#12587
0`
#12590
0a
#12592
1`
#12595
b00000000000000000000 /
1a
19
1.
#12597
0`
#12600
0a
#12602
1`
#12605
b00000000000000000100 /
b0010 R
1S
0\
0]
09
1=
b0010101 X
0>
b00010101 7
1Y
0*
0!
1V
1a
b0101001001000101010000010100010000110010 P
b0011000100110010001110100101001001000101010000010100010000110001 Q
0.
#12607
0`
#12610
0a
#12612
1`
#12615
b00000000000000000011 /
1a
b00000000000000000000000000010101 %
0B
#12617
0`
#12620
0a
#12622
1`
#12625
b00000000000000000010 /
1a
#12627
0`
#12630
0a
#12632
1`
#12635
b00000000000000000001 /
1a
#12637
0`
#12640
0a
#12642
1`
#12645
b00000000000000000000 /
1a
19
1.
#12647
0`
#12650
0a
#12652
1`
#12655
b00000000000000000100 /
0=
b0000000 X
1>
b00101011 7
0Y
b0010 8
1a
b0101001001000101010000010100010000110001 P
09
b0011000100110011001110100101001001000101010000010100010000110010 Q
1!
b0000 R
0S
1\
1]
1*
0V
0.
#12657
0`
#12660
0a
#12662
1`
#12665
b00000000000000000011 /
1a
b00000000000000000000000000101011 %
1B
#12667
0`
#12670
0a
#12672
1`
#12675
b00000000000000000010 /
1a
#12677
0`
#12680
0a
#12682
1`
#12685
b00000000000000000001 /
1a
#12687
0`
#12690
0a
#12692
1`
#12695
b00000000000000000000 /
1a
19
1.
#12697
0`
#12700
0a
#12702
1`
#12705
b00000000000000000100 /
b0001 R
1S
0\
0]
09
1=
b0101011 X
0>
1Y
0!
0*
1V
1a
b0101001001000101010000010100010000110010 P
b0011000100110010001110100101001001000101010000010100010000110001 Q
0.
#12707
0`
#12710
0a
#12712
1`
#12715
b00000000000000000011 /
0_
1a
0,
0A
0B
0"
#12717
0`
#12720
0a
#12722
1`
#12725
b00000000000000000010 /
1a
#12727
0`
#12730
0a
#12732
1`
#12735
b00000000000000000001 /
1a
#12737
0`
#12740
0a
#12742
1`
#12745
b00000000000000000000 /
1a
19
1.
#12747
0`
#12750
0a
#12752
1`
#12755
b00000000000000000100 /
b0000 R
0S
0V
1]
09
0=
b0000000 X
1>
b01010111 7
0Y
1*
1!
b0001 8
1a
b0101001001000101010000010100010000110001 P
b0011000100110011001110100101001001000101010000010100010000110010 Q
0.
#12757
0`
#12760
0a
#12762
1`
#12765
b00000000000000000011 /
1a
b00000000000000000000000001010111 %
1B
#12767
0`
#12770
0a
#12772
1`
#12775
b00000000000000000010 /
1a
#12777
0`
#12780
0a
#12782
1`
#12785
b00000000000000000001 /
1a
#12787
0`
#12790
0a
#12792
1`
#12795
b00000000000000000000 /
1a
19
1.
#12797
0`
#12800
0a
#12802
1`
#12805
b00000000000000000100 /
1S
0]
09
1=
b1010110 X
0>
b01010110 7
1Y
0*
0!
1V
1a
b0101001001000101010000010100010000110010 P
b0011000100110010001110100101001001000101010000010100010000110001 Q
0.
#12807
0`
#12810
0a
#12812
1`
#12815
b00000000000000000011 /
b00000000000000000000000001010110 %
1_
1a
1,
1A
0B
1"
#12817
0`
#12820
0a
#12822
1`
#12825
b00000000000000000010 /
1a
#12827
0`
#12830
0a
#12832
1`
#12835
b00000000000000000001 /
1a
#12837
0`
#12840
0a
#12842
1`
#12845
b00000000000000000000 /
1a
19
1.
#12847
0`
#12850
0a
#12852
1`
#12855
b00000000000000000100 /
0=
b0000000 X
1>
b10101100 7
0Y
b0000 8
1a
b0101001001000101010000010100010000110001 P
09
b001100010011010000111010010101110101001001001001010101000100010101000001010000110100101100110000 Q
1!
0S
1\
1]
1T
1U
1*
0V
0.
#12857
0`
#12860
0a
#12862
1`
#12865
b00000000000000000011 /
1a
b00000000000000000000000010101100 %
1B
#12867
0`
#12870
0a
#12872
1`
#12875
b00000000000000000010 /
1a
#12877
0`
#12880
0a
#12882
1`
#12885
b00000000000000000001 /
1a
#12887
0`
#12890
0a
#12892
1`
#12895
b00000000000000000000 /
1a
19
1.
#12897
0`
#12900
0a
#12902
1`
#12905
b00000000000000000100 /
0\
0]
09
0T
1=
0U
0>
b10101101 7
0!
0*
1V
1a
b010101110101001001001001010101000100010101000001010000110100101100110000 P
b001100010011010100111010010101110101001001001001010101000100010101000001010000110100101100110001 Q
0.
#12907
0`
#12910
0a
#12912
1`
#12915
b00000000000000000011 /
0B
b00000000000000000000000010101101 %
1&
1a
1'
0)
#12917
0`
#12920
0a
#12922
1`
#12925
b00000000000000000010 /
1a
1(
#12927
0`
#12930
0a
#12932
1`
#12935
b00000000000000000001 /
0&
1a
0'
0(
#12937
0`
#12940
0a
#12942
1`
#12945
b00000000000000000000 /
1a
19
1.
#12947
0`
#12950
0a
#12952
1`
#12955
b00000000000000000100 /
09
1T
0=
1U
1>
1!
1*
0V
1a
b010101110101001001001001010101000100010101000001010000110100101100110001 P
b001100000011101001001001010001000100110001000101 Q
0.
#12957
0`
#12960
0a
#12962
1`
#12965
b00000000000000000011 /
1&
1a
1'
1B
#12967
0`
#12970
0a
#12972
1`
#12975
b00000000000000000010 /
1a
1(
#12977
0`
#12980
0a
#12982
1`
#12985
b00000000000000000001 /
0&
1a
0'
0(
#12987
0`
#12990
0a
#12992
1`
#12995
b00000000000000000000 /
1&
1a
1'
19
1.
#12997
0`
#13000
0a
#13002
1`
#13005
b00000000000000000100 /
00
11
1=
0>
1a
09
b01001001010001000100110001000101 P
0!
1E
1(
1G
0T
0U
1;
0*
1J
0W
0.
#13007
0`
#13010
0a
#13012
1`
#13015
1I
b00000000000000000010000010101101 %
0&
1a
0'
0(
0B
#13017
0`
#13020
0a
#13022
1`
#13025
1&
1a
1'
#13027
0`
#13030
0a
#13032
1`
#13035
1a
1(
#13037
0`
#13040
0a
#13042
1`
#13045
1a
b00000000000000000001000000000000 $
0(
1)
#13047
0`
#13050
0a
#13052
1`
#13055
10
01
0E
1(
13
0G
1:
b00000000 7
0J
1a
19
b00110100001110100101001101010100010011110101000000110000 Q
#13057
0`
#13060
0a
#13062
1`
#13065
b00000000000000000011 /
b00000000000000000000000000000000 %
0&
0'
0(
03
09
0:
0I
1U
0;
1a
b0101001101010100010011110101000000110000 P
b00110101001110100101001101010100010011110101000000110001 Q
#13067
0`
#13070
0a
#13072
1`
#13075
b00000000000000000010 /
1a
#13077
0`
#13080
0a
#13082
1`
#13085
b00000000000000000001 /
1a
#13087
0`
#13090
0a
#13092
1`
#13095
b00000000000000000000 /
1a
19
1.
#13097
0`
#13100
0a
#13102
1`
#13105
b00000000000000000100 /
1V
1@
0,
09
0U
1W
0+
1a
b0101001101010100010011110101000000110001 P
0A
b00110110001110100101001101010100010011110101000000110010 Q
0.
0"
#13107
0`
#13110
0a
#13112
1`
#13115
1C
1a
b00000000000000000011 /
#13117
0`
#13120
0a
#13122
1`
#13125
b00000000000000000010 /
1a
#13127
0`
#13130
0a
#13132
1`
#13135
b00000000000000000001 /
1a
#13137
0`
#13140
0a
#13142
1`
#13145
b00000000000000000000 /
1a
19
1.
#13147
0`
#13150
0a
#13152
1`
#13155
b00000000000000000100 /
09
1T
0=
1U
0W
1>
1!
1*
0V
1a
b0101001101010100010011110101000000110010 P
b001100000011101001001001010001000100110001000101 Q
0.
#13157
0`
#13160
0a
#13162
1`
#13165
b00000000000000000011 /
1a
1B
#13167
0`
#13170
0a
#13172
1`
#13175
b00000000000000000010 /
1a
#13177
0`
#13180
0a
#13182
1`
#13185
b00000000000000000001 /
1a
#13187
0`
#13190
0a
#13192
1`
#13195
b00000000000000000000 /
1a
19
1.
#13197
0`
#13200
0a
#13202
1`
#13205
b00000000000000000100 /
00
11
1E
0@
1,
09
0T
1G
0U
1;
1J
1+
1a
b01001001010001000100110001000101 P
1A
0.
1"
#13207
0`
#13210
0a
#13212
1`
#13215
0C
1I
b00000000000000000010000000000000 %
1&
1a
1'
0)
#13217
0`
#13220
0a
#13222
1`
#13225
1a
1(
#13227
0`
#13230
0a
#13232
1`
#13235
0&
1a
0'
0(
0!
0"
b000000000000000000000000000000 #
b00000000000000000000000000000000 $
b00000000000000000000000000000000 %
0&
0'
0(
0)
1*
1+
0,
b00000000000000000000 -
0.
b00000000000000000000 /
00
01
02
03
04
05
06
b00000000 7
b0000 8
09
0:
0;
0<
0=
0>
0?
0@
0A
0B
0C
0D
0E
0F
0G
0H
0I
0J
0K
0L
0M
0N
0O
b01001001010001000100110001000101 P
b001100000011101001001001010001000100110001000101 Q
b0000 R
0S
0T
0U
0V
0W
b0000000 X
0Y
0Z
0[
0\
0]
1^
1_
0`
0a
b0000 b
